apiurl,domain,family,title,required_params,optional_params,response_field_count
"/bond/etc/bondbasket","bond","etc","채권현금흐름","cust_id, auth_key, jcode","","5"
"/bond/etc/bondbasket_hist","bond","etc","채권현금흐름","cust_id, auth_key, jcode, sdate, edate","","5"
"/bond/etc/cdcp_hist","bond","etc","CD/CP시가평가 일별","cust_id, auth_key, jcode, sdate, edate","","8"
"/bond/m020/tick_info","bond","m020","장외호가정보(종목별)","cust_id, auth_key, jcode","data_list","24"
"/bond/m020/tick_total_info","bond","m020","장외호가정보(전체)","cust_id, auth_key","F14729, data_list, -","24"
"/bond/m023/basic_info","bond","m023","기본정보","cust_id, auth_key, jcode","","20"
"/bond/m023/code_info","bond","m023","코드정보","cust_id, auth_key","","2"
"/bond/m023/hist_info","bond","m023","일별정보","cust_id, auth_key, jcode, sdate, edate","","18"
"/bond/m023/term_hist_info","bond","m023","일별정보","cust_id, auth_key, jcode, term, sdate, edate","","17"
"/bond/m025/basic_info","bond","m025","기본정보","cust_id, auth_key, jcode","","8"
"/bond/m025/code_info","bond","m025","코드정보","cust_id, auth_key","","4"
"/bond/m025/hist_info","bond","m025","일별정보","cust_id, auth_key, jcode, sdate, edate","","12"
"/bond/m026/basic_info","bond","m026","기본정보","cust_id, auth_key, jcode","","13"
"/bond/m026/code_info","bond","m026","코드정보","cust_id, auth_key","","2"
"/bond/m026/hist_info","bond","m026","일별정보","cust_id, auth_key, jcode, sdate, edate","","14"
"/bond/m026/term_hist_info","bond","m026","일별정보","cust_id, auth_key, jcode, term, sdate, edate","","13"
"/bond/m037/basic_info","bond","m037","기본정보","cust_id, auth_key, jcode","","8"
"/bond/m037/basic_info_port","bond","m037","기본정보(복수종목)","cust_id, auth_key, codelist","","8"
"/bond/m037/code_info","bond","m037","코드정보","cust_id, auth_key","","5"
"/bond/m037/hist_info","bond","m037","일별정보","cust_id, auth_key, jcode, sdate, edate","","4"
"/bond/m038/basic_info","bond","m038","기본정보","cust_id, auth_key, jcode","data_list","132"
"/bond/m038/code_info","bond","m038","코드정보","cust_id, auth_key","data_list","4"
"/bond/m038/hist_info","bond","m038","일별정보","cust_id, auth_key, jcode, sdate, edate","data_list","24"
"/bond/m038/tick_info","bond","m038","체결정보(장내체결+장외15분 체결)","cust_id, auth_key, jcode","data_list","16"
"/bond/m038/tick_total_info","bond","m038","체결정보(장내체결+장외15분 체결)","cust_id, auth_key","F14729, data_list, -","16"
"/bond/m043/hist_info","bond","m043","일별체결(만기별)","cust_id, auth_key, inst_cd, dwm_type, sdate, edate","","6"
"/bond/m048/basic_info","bond","m048","기본정보","cust_id, auth_key, jcode","","27"
"/bond/m048/code_info","bond","m048","코드정보","cust_id, auth_key","","3"
"/bond/m048/hist_info","bond","m048","일별정보","cust_id, auth_key, jcode, sdate, edate","","21"
"/bond/m048/term_hist_info","bond","m048","일별정보","cust_id, auth_key, jcode, term, sdate, edate","","18"
"/bond/m050/tick_info","bond","m050","통합채권 호가(장내체결+K-bond 호가)","cust_id, auth_key, jcode","data_list","21"
"/bond/m050/tick_total_info","bond","m050","통합채권 호가(장내체결+K-bond 호가)","cust_id, auth_key","F14729, data_list, -","21"
"/bond/m056/basic_info","bond","m056","콜-기본정보","cust_id, auth_key, jcode","","7"
"/bond/m056/call_tick","bond","m056","콜-체결","cust_id, auth_key, jcode","","21"
"/bond/m056/code_info","bond","m056","코드정보","cust_id, auth_key","","2"
"/bond/m056/hist_info","bond","m056","콜-일별정보","cust_id, auth_key, jcode, sdate, edate","","4"
"/bond/m058/basic_info","bond","m058","채권발행정보","cust_id, auth_key, jcode","","204"
"/bond/m058/credit_group_info","bond","m058","채권 신용그룹코드-명 맵핑 정보","cust_id, auth_key","","2"
"/bond/m058/jipyo_list","bond","m058","지표물 리스트","cust_id, auth_key, edate","","10"
"/bond/m058/m058hadre","bond","m058","발행정보-상세","cust_id, auth_key, jcode","","19"
"/bond/m058/m058hcsfw","bond","m058","채권현금흐름","cust_id, auth_key, jcode","","12"
"/bond/m058/m058hfrncsfw","bond","m058","FRN_현금흐름","cust_id, auth_key, jcode","","18"
"/bond/m058/m058hfrnrefe","bond","m058","FRN-상세","cust_id, auth_key, jcode","","16"
"/bond/m058/m058hmkvld","bond","m058","시가평가(익일)","cust_id, auth_key, jcode","","21"
"/bond/m058/m058hmkvld_hist","bond","m058","시가평가(익일)-일별","cust_id, auth_key, jcode, sdate, edate","","21"
"/bond/m058/m058umkvld","bond","m058","시가평가(당일)","cust_id, auth_key, jcode","","21"
"/bond/m058/m058umkvld_hist","bond","m058","시가평가(당일)-일별","cust_id, auth_key, jcode, sdate, edate","","21"
"/bond/m060/code_info","bond","m060","코드정보","cust_id, auth_key","","2"
"/bond/m060/hist_info","bond","m060","일별정보","cust_id, auth_key, jcode, sdate, edate","","20"
"/bond/m060/term_hist_info","bond","m060","일별정보","cust_id, auth_key, jcode, term, sdate, edate","","20"
"/bond/m074/m074htsyd","bond","m074","발행기관별 민평커브","cust_id, auth_key, F12506, F16357","","8"
"/bond/m074/m074htsyd_hist","bond","m074","발행기관별 민평커브","cust_id, auth_key, F16357, sdate, edate","","8"
"/bond/m097/basic_info","bond","m097","최종호가수익률","cust_id, auth_key, jcode","","15"
"/bond/m097/hist_info","bond","m097","최종호가수익률","cust_id, auth_key, jcode, sdate, edate","","5"
"/bond/m161/basic_info","bond","m161","기본정보","cust_id, auth_key, jcode","","16"
"/bond/m161/code_info","bond","m161","코드정보","cust_id, auth_key","","5"
"/bond/m161/hist_info","bond","m161","일별정보","cust_id, auth_key, jcode, sdate, edate","","16"
"/bond/m161/hoga_info","bond","m161","호가정보","cust_id, auth_key, jcode","","35"
"/bond/m161/tick_info","bond","m161","체결정보","cust_id, auth_key, jcode","data_list","10"
"/bond/m161/tick_info_by_jipyo","bond","m161","체결정보(지표코드)","cust_id, auth_key, jcode","data_list","10"
"/etc/comp/comp_basic","etc","comp","기업 기본정보","cust_id, auth_key, jcode","","30"
"/etc/comp/comp_comment","etc","comp","기업소개","cust_id, auth_key, jcode","","6"
"/etc/comp/comp_holder","etc","comp","기업 주주현황","cust_id, auth_key, jcode, yyyymm","","10"
"/etc/comp/comp_market","etc","comp","기업 시장점유율","cust_id, auth_key, jcode, yyyymm","","6"
"/etc/comp/comp_market_hist","etc","comp","기업 시장점유율 추이","cust_id, auth_key, jcode","","6"
"/etc/comp/comp_sales","etc","comp","기업 매출액 구성비","cust_id, auth_key, jcode, yyyymm","","5"
"/etc/comp/comp_sales_hist","etc","comp","기업 매출액 구성비 추이","cust_id, auth_key, jcode","","5"
"/etc/cons/comp_cons","etc","cons","컨센서스 회계년도 전체","cust_id, auth_key, jcode, yyyymm","","6"
"/etc/cons/comp_cons_code","etc","cons","컨센서스 계정코드 일람","cust_id, auth_key","","10"
"/etc/cons/comp_cons_hist","etc","cons","컨센서스 계정별 추이","cust_id, auth_key, jcode, icode","sdate, edate","6"
"/etc/cons/comp_cons_item","etc","cons","컨센서스 회계년도 계정별","cust_id, auth_key, jcode, yyyymm, icode","","6"
"/etc/economic/checkcode","etc","economic","경제지표 코드정보","cust_id, auth_key","","15"
"/etc/economic/indicator","etc","economic","경제지표","cust_id, auth_key, check_code","syear, eyear","12"
"/etc/gaap/comp_gaap","etc","gaap","GAAP 회계년도 전체","cust_id, auth_key, jcode, yyyymm","","6"
"/etc/gaap/comp_gaap_code","etc","gaap","GAAP 계정코드 일람","cust_id, auth_key","","12"
"/etc/gaap/comp_gaap_hist","etc","gaap","GAAP 계정별 추이","cust_id, auth_key, jcode, icode","sdate, edate","6"
"/etc/gaap/comp_gaap_item","etc","gaap","GAAP 회계년도 계정별","cust_id, auth_key, jcode, yyyymm, icode","","6"
"/etc/ifrs/comp_ifrs","etc","ifrs","IFRS 회계년도 전체","cust_id, auth_key, jcode, yyyymm","","6"
"/etc/ifrs/comp_ifrs_code","etc","ifrs","IFRS 계정코드 일람","cust_id, auth_key","","12"
"/etc/ifrs/comp_ifrs_hist","etc","ifrs","IFRS 계정별 추이","cust_id, auth_key, jcode, icode","sdate, edate","6"
"/etc/ifrs/comp_ifrs_item","etc","ifrs","IFRS 회계년도 계정별","cust_id, auth_key, jcode, yyyymm, icode","","6"
"/etc/ifrs/comp_perf_date","etc","ifrs","실적발표일","cust_id, auth_key, jcode","","7"
"/etc/trend/trend_bank","etc","trend","금융기관 수신고 - 은행","cust_id, auth_key, sdate, edate","dcnt","4"
"/etc/trend/trend_comp","etc","trend","금융기관 수신고 - 종금","cust_id, auth_key, sdate, edate","dcnt","4"
"/etc/trend/trend_inv","etc","trend","금융기관 수신고 - 투신","cust_id, auth_key, sdate, edate","dcnt","8"
"/etc/trend/trend_secu","etc","trend","금융기관 수신고 - 증권사","cust_id, auth_key, sdate, edate","dcnt","3"
"/ext/m174/basic_info","ext","m174","기본정보","cust_id, auth_key, jcode","","8"
"/ext/m174/code_info","ext","m174","코드정보","cust_id, auth_key","","4"
"/ext/m174/hist_info","ext","m174","일별정보","cust_id, auth_key, jcode, sdate, edate","","12"
"/ext/m184/basic_info","ext","m184","기본정보","cust_id, auth_key, jcode","","14"
"/ext/m184/code_info","ext","m184","코드정보","cust_id, auth_key","","2"
"/ext/m184/hist_info","ext","m184","일별정보","cust_id, auth_key, jcode, sdate, edate","","10"
"/ext/m184/intra_info","ext","m184","주기정보(10초)","cust_id, auth_key, jcode","","11"
"/ext/m184/term_hist_info","ext","m184","일별정보","cust_id, auth_key, jcode, term, sdate, edate","","8"
"/ext/m185/basic_info","ext","m185","기본정보","cust_id, auth_key, jcode","","14"
"/ext/m185/code_info","ext","m185","코드정보","cust_id, auth_key","","2"
"/ext/m185/hist_info","ext","m185","일별정보","cust_id, auth_key, jcode, sdate, edate","","10"
"/ext/m185/intra_info","ext","m185","주기정보(10초)","cust_id, auth_key, jcode","","11"
"/ext/m185/term_hist_info","ext","m185","일별정보","cust_id, auth_key, jcode, term, sdate, edate","","8"
"/ext/m186/basic_info","ext","m186","기본정보","cust_id, auth_key, jcode","","14"
"/ext/m186/code_info","ext","m186","코드정보","cust_id, auth_key","","2"
"/ext/m186/hist_info","ext","m186","일별정보","cust_id, auth_key, jcode, sdate, edate","","10"
"/ext/m186/intra_info","ext","m186","주기정보(10초)","cust_id, auth_key, jcode","","11"
"/ext/m186/term_hist_info","ext","m186","일별정보","cust_id, auth_key, jcode, term, sdate, edate","","8"
"/ext/m187/basic_info","ext","m187","기본정보","cust_id, auth_key, jcode","","14"
"/ext/m187/code_info","ext","m187","코드정보","cust_id, auth_key","","2"
"/ext/m187/hist_info","ext","m187","일별정보","cust_id, auth_key, jcode, sdate, edate","","10"
"/ext/m187/intra_info","ext","m187","주기정보(10초)","cust_id, auth_key, jcode","","11"
"/ext/m187/term_hist_info","ext","m187","일별정보","cust_id, auth_key, jcode, term, sdate, edate","","8"
"/ext/m188/basic_info","ext","m188","기본정보","cust_id, auth_key, jcode","","14"
"/ext/m188/code_info","ext","m188","코드정보","cust_id, auth_key","","2"
"/ext/m188/hist_info","ext","m188","일별정보","cust_id, auth_key, jcode, sdate, edate","","10"
"/ext/m188/intra_info","ext","m188","주기정보(10초)","cust_id, auth_key, jcode","","11"
"/ext/m188/term_hist_info","ext","m188","일별정보","cust_id, auth_key, jcode, term, sdate, edate","","8"
"/ext/m193/basic_info","ext","m193","기본정보","cust_id, auth_key, jcode","","17"
"/ext/m193/code_info","ext","m193","코드정보","cust_id, auth_key","","2"
"/ext/m193/hist_info","ext","m193","일별정보","cust_id, auth_key, jcode, sdate, edate","","9"
"/ext/m193/intra_info","ext","m193","주기정보(10초)","cust_id, auth_key, jcode","","15"
"/ext/m193/term_hist_info","ext","m193","일별정보","cust_id, auth_key, jcode, term, sdate, edate","","7"
"/ext/m194/basic_info","ext","m194","기본정보","cust_id, auth_key, jcode","","71"
"/ext/m194/basic_info_port","ext","m194","기본정보(복수종목)","cust_id, auth_key, codelist","","71"
"/ext/m194/code_info","ext","m194","코드정보","cust_id, auth_key","","4"
"/ext/m194/hist_info","ext","m194","일별정보","cust_id, auth_key, jcode, sdate, edate","","10"
"/ext/m194/intra_info","ext","m194","주기정보(10초)","cust_id, auth_key, jcode","","13"
"/ext/m194/term_hist_info","ext","m194","일별정보","cust_id, auth_key, jcode, term, sdate, edate","","8"
"/ext/m194/tick_info","ext","m194","체결정보","cust_id, auth_key, jcode","","10"
"/ext/m195/basic_info","ext","m195","기본정보","cust_id, auth_key, jcode","","34"
"/ext/m195/basic_info_port","ext","m195","기본정보(복수종목)","cust_id, auth_key, codelist","","34"
"/ext/m195/code_info","ext","m195","코드정보","cust_id, auth_key","","4"
"/ext/m195/hist_info","ext","m195","일별정보","cust_id, auth_key, jcode, sdate, edate","","10"
"/ext/m195/intra_info","ext","m195","주기정보(10초)","cust_id, auth_key, jcode","","13"
"/ext/m195/term_hist_info","ext","m195","일별정보","cust_id, auth_key, jcode, term, sdate, edate","","8"
"/ext/m195/tick_info","ext","m195","체결정보","cust_id, auth_key, jcode","","10"
"/ext/m196/basic_info","ext","m196","기본정보","cust_id, auth_key, jcode","","34"
"/ext/m196/basic_info_port","ext","m196","기본정보(복수종목)","cust_id, auth_key, codelist","","34"
"/ext/m196/code_info","ext","m196","코드정보","cust_id, auth_key","","4"
"/ext/m196/hist_info","ext","m196","일별정보","cust_id, auth_key, jcode, sdate, edate","","10"
"/ext/m196/intra_info","ext","m196","주기정보(10초)","cust_id, auth_key, jcode","","13"
"/ext/m196/term_hist_info","ext","m196","일별정보","cust_id, auth_key, jcode, term, sdate, edate","","8"
"/ext/m196/tick_info","ext","m196","체결정보","cust_id, auth_key, jcode","","10"
"/ext/m197/basic_info","ext","m197","기본정보","cust_id, auth_key, jcode","","34"
"/ext/m197/basic_info_port","ext","m197","기본정보(복수종목)","cust_id, auth_key, codelist","","34"
"/ext/m197/code_info","ext","m197","코드정보","cust_id, auth_key","","4"
"/ext/m197/hist_info","ext","m197","일별정보","cust_id, auth_key, jcode, sdate, edate","","10"
"/ext/m197/intra_info","ext","m197","주기정보(10초)","cust_id, auth_key, jcode","","13"
"/ext/m197/term_hist_info","ext","m197","일별정보","cust_id, auth_key, jcode, term, sdate, edate","","8"
"/ext/m197/tick_info","ext","m197","체결정보","cust_id, auth_key, jcode","","10"
"/ext/m198/basic_info","ext","m198","기본정보","cust_id, auth_key, jcode","","34"
"/ext/m198/basic_info_port","ext","m198","기본정보(복수종목)","cust_id, auth_key, codelist","","34"
"/ext/m198/code_info","ext","m198","코드정보","cust_id, auth_key","","4"
"/ext/m198/hist_info","ext","m198","일별정보","cust_id, auth_key, jcode, sdate, edate","","10"
"/ext/m198/intra_info","ext","m198","주기정보(10초)","cust_id, auth_key, jcode","","13"
"/ext/m198/term_hist_info","ext","m198","일별정보","cust_id, auth_key, jcode, term, sdate, edate","","8"
"/ext/m198/tick_info","ext","m198","체결정보","cust_id, auth_key, jcode","","10"
"/ext/m215/basic_info","ext","m215","기본정보","cust_id, auth_key, jcode","","12"
"/ext/m215/basic_info_port","ext","m215","기본정보(복수종목)","cust_id, auth_key, codelist","","12"
"/ext/m215/code_info","ext","m215","코드정보","cust_id, auth_key","","3"
"/ext/m215/hist_info","ext","m215","일별정보","cust_id, auth_key, jcode, sdate, edate","","22"
"/ext/m215/term_hist_info","ext","m215","일별정보","cust_id, auth_key, jcode, term, sdate, edate","","16"
"/future/m005/basic_info","future","m005","기본정보","cust_id, auth_key, jcode","","38"
"/future/m005/basic_info_port","future","m005","기본정보(복수종목)","cust_id, auth_key, codelist","","38"
"/future/m005/code_info","future","m005","코드정보","cust_id, auth_key","","8"
"/future/m005/hist_info","future","m005","일별정보","cust_id, auth_key, jcode, sdate, edate","","20"
"/future/m005/hoga_info","future","m005","호가정보","cust_id, auth_key, jcode","","24"
"/future/m005/hoga_info_port","future","m005","호가정보","cust_id, auth_key, codelist","","24"
"/future/m005/hoga_info_port_top","future","m005","호가정보(복수종목_최우선)","cust_id, auth_key, codelist","","6"
"/future/m005/intra_date","future","m005","주기정보(10초)","cust_id, auth_key, jcode, edate","","22"
"/future/m005/intra_info","future","m005","주기정보(10초)","cust_id, auth_key, jcode","","20"
"/future/m005/invest_basic_info","future","m005","기본정보","cust_id, auth_key","","40"
"/future/m005/invest_hist_info","future","m005","기본정보","cust_id, auth_key, sdate, edate","","41"
"/future/m005/invest_intra_info","future","m005","주기정보(30초)","cust_id, auth_key","","41"
"/future/m005/term_hist_info","future","m005","일별정보","cust_id, auth_key, jcode, term, sdate, edate","","18"
"/future/m005/tick_date","future","m005","체결정보","cust_id, auth_key, jcode, edate","","25"
"/future/m005/tick_info","future","m005","체결정보","cust_id, auth_key, jcode","","25"
"/future/m006/basic_info","future","m006","기본정보","cust_id, auth_key, jcode","","48"
"/future/m006/basic_info_port","future","m006","기본정보","cust_id, auth_key, codelist","","48"
"/future/m006/code_info","future","m006","코드정보","cust_id, auth_key","","11"
"/future/m006/hist_info","future","m006","일별정보","cust_id, auth_key, jcode, sdate, edate","","20"
"/future/m006/hoga_info","future","m006","호가정보","cust_id, auth_key, jcode","","24"
"/future/m006/hoga_info_port","future","m006","호가정보(복수종목)","cust_id, auth_key, codelist","","24"
"/future/m006/hoga_info_port_top","future","m006","호가정보(복수종목_최우선)","cust_id, auth_key, codelist","","6"
"/future/m006/intra_date","future","m006","주기정보(10초)","cust_id, auth_key, jcode, edate","","22"
"/future/m006/intra_info","future","m006","주기정보(10초)","cust_id, auth_key, jcode","","20"
"/future/m006/invest_basic_info","future","m006","기본정보","cust_id, auth_key","","80"
"/future/m006/invest_hist_info","future","m006","기본정보","cust_id, auth_key, sdate, edate","","81"
"/future/m006/invest_intra_info","future","m006","주기정보(30초)","cust_id, auth_key","","81"
"/future/m006/old_code_info","future","m006","과거 종목(코드정보)","cust_id, auth_key, yyyymm","","6"
"/future/m006/old_hist_info","future","m006","과거종목(일별정보)","cust_id, auth_key, jcode, sdate, edate","","13"
"/future/m006/term_hist_info","future","m006","일별정보","cust_id, auth_key, jcode, term, sdate, edate","","18"
"/future/m006/tick_info","future","m006","체결정보","cust_id, auth_key, jcode","","25"
"/future/m012/basic_info","future","m012","기본정보","cust_id, auth_key, jcode","","46"
"/future/m012/basic_info_port","future","m012","기본정보","cust_id, auth_key, codelist","","46"
"/future/m012/code_info","future","m012","코드정보","cust_id, auth_key","","11"
"/future/m012/hist_info","future","m012","일별정보","cust_id, auth_key, jcode, sdate, edate","","20"
"/future/m012/hoga_info","future","m012","호가정보","cust_id, auth_key, jcode","","24"
"/future/m012/hoga_info_port","future","m012","호가정보(복수종목)","cust_id, auth_key, codelist","","24"
"/future/m012/hoga_info_port_top","future","m012","호가정보(복수종목_최우선)","cust_id, auth_key, codelist","","6"
"/future/m012/intra_date","future","m012","주기정보(10초)","cust_id, auth_key, jcode, edate","","22"
"/future/m012/intra_info","future","m012","주기정보(10초)","cust_id, auth_key, jcode","","20"
"/future/m012/invest_basic_info","future","m012","기본정보","cust_id, auth_key","","80"
"/future/m012/invest_hist_info","future","m012","기본정보","cust_id, auth_key, sdate, edate","","81"
"/future/m012/invest_intra_info","future","m012","주기정보(30초)","cust_id, auth_key","","81"
"/future/m012/term_hist_info","future","m012","일별정보","cust_id, auth_key, jcode, term, sdate, edate","","18"
"/future/m012/tick_info","future","m012","체결정보","cust_id, auth_key, jcode","","25"
"/future/m013/basic_info","future","m013","기본정보","cust_id, auth_key, jcode","","38"
"/future/m013/basic_info_port","future","m013","기본정보","cust_id, auth_key, codelist","","38"
"/future/m013/code_info","future","m013","코드정보","cust_id, auth_key","","8"
"/future/m013/hist_info","future","m013","일별정보","cust_id, auth_key, jcode, sdate, edate","","20"
"/future/m013/hoga_info","future","m013","호가정보","cust_id, auth_key, jcode","","24"
"/future/m013/intra_date","future","m013","주기정보(10초)","cust_id, auth_key, jcode, edate","","18"
"/future/m013/intra_info","future","m013","주기정보(10초)","cust_id, auth_key, jcode","","16"
"/future/m013/term_hist_info","future","m013","일별정보","cust_id, auth_key, jcode, term, sdate, edate","","18"
"/future/m013/tick_info","future","m013","체결정보","cust_id, auth_key, jcode","","25"
"/future/m016/basic_info","future","m016","기본정보","cust_id, auth_key, jcode","","39"
"/future/m016/basic_info_port","future","m016","기본정보","cust_id, auth_key, codelist","","39"
"/future/m016/code_info","future","m016","코드정보","cust_id, auth_key","","8"
"/future/m016/hist_info","future","m016","일별정보","cust_id, auth_key, jcode, sdate, edate","","20"
"/future/m016/hoga_info","future","m016","호가정보","cust_id, auth_key, jcode","","24"
"/future/m016/intra_date","future","m016","주기정보(10초)","cust_id, auth_key, jcode, edate","","18"
"/future/m016/intra_info","future","m016","주기정보(10초)","cust_id, auth_key, jcode","","16"
"/future/m016/invest_basic_info","future","m016","기본정보","cust_id, auth_key","","40"
"/future/m016/invest_hist_info","future","m016","기본정보","cust_id, auth_key, sdate, edate","","41"
"/future/m016/invest_intra_info","future","m016","주기정보(30초)","cust_id, auth_key","","41"
"/future/m016/term_hist_info","future","m016","일별정보","cust_id, auth_key, jcode, term, sdate, edate","","18"
"/future/m016/tick_info","future","m016","체결정보","cust_id, auth_key, jcode","","25"
"/future/m017/basic_info","future","m017","기본정보","cust_id, auth_key, jcode","","39"
"/future/m017/basic_info_port","future","m017","기본정보","cust_id, auth_key, codelist","","39"
"/future/m017/code_info","future","m017","코드정보","cust_id, auth_key","","8"
"/future/m017/hist_info","future","m017","일별정보","cust_id, auth_key, jcode, sdate, edate","","20"
"/future/m017/hoga_info","future","m017","호가정보","cust_id, auth_key, jcode","","24"
"/future/m017/intra_date","future","m017","주기정보(10초)","cust_id, auth_key, jcode, edate","","18"
"/future/m017/intra_info","future","m017","주기정보(10초)","cust_id, auth_key, jcode","","16"
"/future/m017/invest_basic_info","future","m017","기본정보","cust_id, auth_key","","40"
"/future/m017/invest_hist_info","future","m017","기본정보","cust_id, auth_key, sdate, edate","","41"
"/future/m017/invest_intra_info","future","m017","주기정보(30초)","cust_id, auth_key","","41"
"/future/m017/term_hist_info","future","m017","일별정보","cust_id, auth_key, jcode, term, sdate, edate","","18"
"/future/m017/tick_info","future","m017","체결정보","cust_id, auth_key, jcode","","25"
"/future/m018/basic_info","future","m018","기본정보","cust_id, auth_key, jcode","","38"
"/future/m018/basic_info_port","future","m018","기본정보","cust_id, auth_key, codelist","","38"
"/future/m018/code_info","future","m018","코드정보","cust_id, auth_key","","8"
"/future/m018/hist_info","future","m018","일별정보","cust_id, auth_key, jcode, sdate, edate","","20"
"/future/m018/hoga_info","future","m018","호가정보","cust_id, auth_key, jcode","","24"
"/future/m018/intra_date","future","m018","주기정보(10초)","cust_id, auth_key, jcode, edate","","18"
"/future/m018/intra_info","future","m018","주기정보(10초)","cust_id, auth_key, jcode","","16"
"/future/m018/term_hist_info","future","m018","일별정보","cust_id, auth_key, jcode, term, sdate, edate","","18"
"/future/m018/tick_info","future","m018","체결정보","cust_id, auth_key, jcode","","25"
"/future/m019/basic_info","future","m019","기본정보","cust_id, auth_key, jcode","","38"
"/future/m019/basic_info_port","future","m019","기본정보","cust_id, auth_key, codelist","","38"
"/future/m019/code_info","future","m019","코드정보","cust_id, auth_key","","8"
"/future/m019/hist_info","future","m019","일별정보","cust_id, auth_key, jcode, sdate, edate","","20"
"/future/m019/hoga_info","future","m019","호가정보","cust_id, auth_key, jcode","","24"
"/future/m019/intra_date","future","m019","주기정보(10초)","cust_id, auth_key, jcode, edate","","18"
"/future/m019/intra_info","future","m019","주기정보(10초)","cust_id, auth_key, jcode","","16"
"/future/m019/term_hist_info","future","m019","일별정보","cust_id, auth_key, jcode, term, sdate, edate","","18"
"/future/m019/tick_info","future","m019","체결정보","cust_id, auth_key, jcode","","25"
"/future/m062/basic_info","future","m062","기본정보","cust_id, auth_key, jcode","","39"
"/future/m062/basic_info_port","future","m062","기본정보","cust_id, auth_key, codelist","","39"
"/future/m062/code_info","future","m062","코드정보","cust_id, auth_key","","8"
"/future/m062/hist_info","future","m062","일별정보","cust_id, auth_key, jcode, sdate, edate","","20"
"/future/m062/hoga_info","future","m062","호가정보","cust_id, auth_key, jcode","","24"
"/future/m062/intra_date","future","m062","주기정보(10초)","cust_id, auth_key, jcode, edate","","18"
"/future/m062/intra_info","future","m062","주기정보(10초)","cust_id, auth_key, jcode","","16"
"/future/m062/invest_basic_info","future","m062","기본정보","cust_id, auth_key","","40"
"/future/m062/invest_hist_info","future","m062","기본정보","cust_id, auth_key, sdate, edate","","41"
"/future/m062/invest_intra_info","future","m062","주기정보(30초)","cust_id, auth_key","","41"
"/future/m062/term_hist_info","future","m062","일별정보","cust_id, auth_key, jcode, term, sdate, edate","","18"
"/future/m062/tick_info","future","m062","체결정보","cust_id, auth_key, jcode","","25"
"/future/m067/basic_info","future","m067","기본정보","cust_id, auth_key, jcode","","38"
"/future/m067/basic_info_port","future","m067","기본정보","cust_id, auth_key, codelist","","38"
"/future/m067/code_info","future","m067","코드정보","cust_id, auth_key","","8"
"/future/m067/hist_info","future","m067","일별정보","cust_id, auth_key, jcode, sdate, edate","","20"
"/future/m067/hoga_info","future","m067","호가정보","cust_id, auth_key, jcode","","24"
"/future/m067/hoga_info_port","future","m067","호가정보(복수종목)","cust_id, auth_key, codelist","","24"
"/future/m067/hoga_info_port_top","future","m067","호가정보(복수종목_최우선)","cust_id, auth_key, codelist","","6"
"/future/m067/intra_date","future","m067","주기정보(10초)","cust_id, auth_key, jcode, edate","","18"
"/future/m067/intra_info","future","m067","주기정보(10초)","cust_id, auth_key, jcode","","16"
"/future/m067/invest_basic_info","future","m067","기본정보","cust_id, auth_key","","40"
"/future/m067/invest_hist_info","future","m067","기본정보","cust_id, auth_key, sdate, edate","","41"
"/future/m067/invest_intra_info","future","m067","주기정보(30초)","cust_id, auth_key","","41"
"/future/m067/term_hist_info","future","m067","일별정보","cust_id, auth_key, jcode, term, sdate, edate","","18"
"/future/m067/tick_info","future","m067","체결정보","cust_id, auth_key, jcode","","25"
"/future/m091/basic_info","future","m091","기본정보","cust_id, auth_key, jcode","","38"
"/future/m091/basic_info_port","future","m091","기본정보","cust_id, auth_key, codelist","","38"
"/future/m091/code_info","future","m091","코드정보","cust_id, auth_key","","8"
"/future/m091/hist_info","future","m091","일별정보","cust_id, auth_key, jcode, sdate, edate","","20"
"/future/m091/hoga_info","future","m091","호가정보","cust_id, auth_key, jcode","","24"
"/future/m091/hoga_info_port","future","m091","호가정보(복수종목)","cust_id, auth_key, codelist","","24"
"/future/m091/hoga_info_port_top","future","m091","호가정보(복수종목_최우선)","cust_id, auth_key, codelist","","6"
"/future/m091/intra_date","future","m091","주기정보(10초)","cust_id, auth_key, jcode, edate","","22"
"/future/m091/intra_info","future","m091","주기정보(10초)","cust_id, auth_key, jcode","","20"
"/future/m091/term_hist_info","future","m091","일별정보","cust_id, auth_key, jcode, term, sdate, edate","","18"
"/future/m091/tick_info","future","m091","체결정보","cust_id, auth_key, jcode","","25"
"/future/m100/basic_info","future","m100","기본정보","cust_id, auth_key, jcode","","38"
"/future/m100/basic_info_port","future","m100","기본정보","cust_id, auth_key, codelist","","38"
"/future/m100/code_info","future","m100","코드정보","cust_id, auth_key","","8"
"/future/m100/hist_info","future","m100","일별정보","cust_id, auth_key, jcode, sdate, edate","","20"
"/future/m100/hoga_info","future","m100","호가정보","cust_id, auth_key, jcode","","24"
"/future/m100/hoga_info_port","future","m100","호가정보(복수종목)","cust_id, auth_key, codelist","","24"
"/future/m100/hoga_info_port_top","future","m100","호가정보(복수종목_최우선)","cust_id, auth_key, codelist","","6"
"/future/m100/intra_date","future","m100","주기정보(10초)","cust_id, auth_key, jcode, edate","","18"
"/future/m100/intra_info","future","m100","주기정보(10초)","cust_id, auth_key, jcode","","16"
"/future/m100/term_hist_info","future","m100","일별정보","cust_id, auth_key, jcode, term, sdate, edate","","18"
"/future/m100/tick_info","future","m100","체결정보","cust_id, auth_key, jcode","","25"
"/future/m103/basic_info","future","m103","기본정보","cust_id, auth_key, jcode","","38"
"/future/m103/basic_info_port","future","m103","기본정보","cust_id, auth_key, codelist","","38"
"/future/m103/code_info","future","m103","코드정보","cust_id, auth_key","","8"
"/future/m103/hist_info","future","m103","일별정보","cust_id, auth_key, jcode, sdate, edate","","20"
"/future/m103/hoga_info","future","m103","호가정보","cust_id, auth_key, jcode","","24"
"/future/m103/hoga_info_port","future","m103","호가정보(복수종목)","cust_id, auth_key, codelist","","24"
"/future/m103/hoga_info_port_top","future","m103","호가정보(복수종목_최우선)","cust_id, auth_key, codelist","","6"
"/future/m103/intra_date","future","m103","주기정보(10초)","cust_id, auth_key, jcode, edate","","18"
"/future/m103/intra_info","future","m103","주기정보(10초)","cust_id, auth_key, jcode","","16"
"/future/m103/invest_basic_info","future","m103","기본정보","cust_id, auth_key","","40"
"/future/m103/invest_hist_info","future","m103","기본정보","cust_id, auth_key, sdate, edate","","41"
"/future/m103/invest_intra_info","future","m103","주기정보(30초)","cust_id, auth_key","","41"
"/future/m103/term_hist_info","future","m103","일별정보","cust_id, auth_key, jcode, term, sdate, edate","","18"
"/future/m103/tick_info","future","m103","체결정보","cust_id, auth_key, jcode","","25"
"/future/m104/basic_info","future","m104","기본정보","cust_id, auth_key, jcode","","48"
"/future/m104/basic_info_port","future","m104","기본정보","cust_id, auth_key, codelist","","48"
"/future/m104/code_info","future","m104","코드정보","cust_id, auth_key","","11"
"/future/m104/hist_info","future","m104","일별정보","cust_id, auth_key, jcode, sdate, edate","","20"
"/future/m104/hoga_info","future","m104","호가정보","cust_id, auth_key, jcode","","24"
"/future/m104/hoga_info_port","future","m104","호가정보(복수종목)","cust_id, auth_key, codelist","","24"
"/future/m104/hoga_info_port_top","future","m104","호가정보(복수종목_최우선)","cust_id, auth_key, codelist","","6"
"/future/m104/intra_date","future","m104","주기정보(10초)","cust_id, auth_key, jcode, edate","","18"
"/future/m104/intra_info","future","m104","주기정보(10초)","cust_id, auth_key, jcode","","16"
"/future/m104/invest_basic_info","future","m104","기본정보","cust_id, auth_key","","80"
"/future/m104/invest_hist_info","future","m104","기본정보","cust_id, auth_key, sdate, edate","","81"
"/future/m104/invest_intra_info","future","m104","주기정보(30초)","cust_id, auth_key","","81"
"/future/m104/old_code_info","future","m104","과거 종목(코드정보)","cust_id, auth_key, yyyymm","","6"
"/future/m104/old_hist_info","future","m104","과거종목(일별정보)","cust_id, auth_key, jcode, sdate, edate","","13"
"/future/m104/term_hist_info","future","m104","일별정보","cust_id, auth_key, jcode, term, sdate, edate","","18"
"/future/m104/tick_info","future","m104","체결정보","cust_id, auth_key, jcode","","25"
"/future/m105/basic_info","future","m105","기본정보","cust_id, auth_key, jcode","","38"
"/future/m105/basic_info_port","future","m105","기본정보","cust_id, auth_key, codelist","","38"
"/future/m105/code_info","future","m105","코드정보","cust_id, auth_key","","8"
"/future/m105/hist_info","future","m105","일별정보","cust_id, auth_key, jcode, sdate, edate","","20"
"/future/m105/hoga_info","future","m105","호가정보","cust_id, auth_key, jcode","","24"
"/future/m105/intra_date","future","m105","주기정보(10초)","cust_id, auth_key, jcode, edate","","18"
"/future/m105/intra_info","future","m105","주기정보(10초)","cust_id, auth_key, jcode","","16"
"/future/m105/term_hist_info","future","m105","일별정보","cust_id, auth_key, jcode, term, sdate, edate","","18"
"/future/m105/tick_info","future","m105","체결정보","cust_id, auth_key, jcode","","25"
"/future/m180/basic_info","future","m180","기본정보","cust_id, auth_key, jcode","","48"
"/future/m180/basic_info_port","future","m180","기본정보","cust_id, auth_key, codelist","","48"
"/future/m180/code_info","future","m180","코드정보","cust_id, auth_key","","11"
"/future/m180/hist_info","future","m180","일별정보","cust_id, auth_key, jcode, sdate, edate","","20"
"/future/m180/hoga_info","future","m180","호가정보","cust_id, auth_key, jcode","","24"
"/future/m180/intra_date","future","m180","주기정보(10초)","cust_id, auth_key, jcode, edate","","18"
"/future/m180/intra_info","future","m180","주기정보(10초)","cust_id, auth_key, jcode","","16"
"/future/m180/term_hist_info","future","m180","일별정보","cust_id, auth_key, jcode, term, sdate, edate","","18"
"/future/m180/tick_info","future","m180","체결정보","cust_id, auth_key, jcode","","25"
"/future/m181/basic_info","future","m181","기본정보","cust_id, auth_key, jcode","","38"
"/future/m181/basic_info_port","future","m181","기본정보","cust_id, auth_key, codelist","","38"
"/future/m181/code_info","future","m181","코드정보","cust_id, auth_key","","8"
"/future/m181/hist_info","future","m181","일별정보","cust_id, auth_key, jcode, sdate, edate","","20"
"/future/m181/hoga_info","future","m181","호가정보","cust_id, auth_key, jcode","","24"
"/future/m181/intra_date","future","m181","주기정보(10초)","cust_id, auth_key, jcode, edate","","18"
"/future/m181/intra_info","future","m181","주기정보(10초)","cust_id, auth_key, jcode","","16"
"/future/m181/term_hist_info","future","m181","일별정보","cust_id, auth_key, jcode, term, sdate, edate","","18"
"/future/m181/tick_info","future","m181","체결정보","cust_id, auth_key, jcode","","25"
"/future/m182/basic_info","future","m182","기본정보","cust_id, auth_key, jcode","","48"
"/future/m182/basic_info_port","future","m182","기본정보","cust_id, auth_key, codelist","","48"
"/future/m182/code_info","future","m182","코드정보","cust_id, auth_key","","11"
"/future/m182/hist_info","future","m182","일별정보","cust_id, auth_key, jcode, sdate, edate","","20"
"/future/m182/hoga_info","future","m182","호가정보","cust_id, auth_key, jcode","","24"
"/future/m182/hoga_info_port","future","m182","호가정보(복수종목)","cust_id, auth_key, codelist","","24"
"/future/m182/hoga_info_port_top","future","m182","호가정보(복수종목_최우선)","cust_id, auth_key, codelist","","6"
"/future/m182/intra_date","future","m182","주기정보(10초)","cust_id, auth_key, jcode, edate","","18"
"/future/m182/intra_info","future","m182","주기정보(10초)","cust_id, auth_key, jcode","","16"
"/future/m182/invest_basic_info","future","m182","기본정보","cust_id, auth_key","","80"
"/future/m182/invest_hist_info","future","m182","기본정보","cust_id, auth_key, sdate, edate","","81"
"/future/m182/invest_intra_info","future","m182","주기정보(30초)","cust_id, auth_key","","81"
"/future/m182/term_hist_info","future","m182","일별정보","cust_id, auth_key, jcode, term, sdate, edate","","18"
"/future/m182/tick_info","future","m182","체결정보","cust_id, auth_key, jcode","","25"
"/future/m221/basic_info","future","m221","기본정보","cust_id, auth_key, jcode","","39"
"/future/m221/basic_info_port","future","m221","기본정보","cust_id, auth_key, codelist","","39"
"/future/m221/code_info","future","m221","코드정보","cust_id, auth_key","","8"
"/future/m221/hist_info","future","m221","일별정보","cust_id, auth_key, jcode, sdate, edate","","20"
"/future/m221/hoga_info","future","m221","호가정보","cust_id, auth_key, jcode","","24"
"/future/m221/intra_date","future","m221","주기정보(10초)","cust_id, auth_key, jcode, edate","","18"
"/future/m221/intra_info","future","m221","주기정보(10초)","cust_id, auth_key, jcode","","16"
"/future/m221/invest_basic_info","future","m221","기본정보","cust_id, auth_key","","40"
"/future/m221/invest_hist_info","future","m221","기본정보","cust_id, auth_key, sdate, edate","","41"
"/future/m221/invest_intra_info","future","m221","주기정보(30초)","cust_id, auth_key","","41"
"/future/m221/term_hist_info","future","m221","일별정보","cust_id, auth_key, jcode, term, sdate, edate","","18"
"/future/m221/tick_info","future","m221","체결정보","cust_id, auth_key, jcode","","25"
"/future/m232/basic_info","future","m232","기본정보","cust_id, auth_key, jcode","","38"
"/future/m232/basic_info_port","future","m232","기본정보(복수종목)","cust_id, auth_key, codelist","","38"
"/future/m232/code_info","future","m232","코드정보","cust_id, auth_key","","8"
"/future/m232/hist_info","future","m232","일별정보","cust_id, auth_key, jcode, sdate, edate","","20"
"/future/m232/hoga_info","future","m232","호가정보","cust_id, auth_key, jcode","","24"
"/future/m232/hoga_info_port","future","m232","호가정보","cust_id, auth_key, codelist","","24"
"/future/m232/hoga_info_port_top","future","m232","호가정보(복수종목_최우선)","cust_id, auth_key, codelist","","6"
"/future/m232/intra_date","future","m232","주기정보(10초)","cust_id, auth_key, jcode, edate","","22"
"/future/m232/intra_info","future","m232","주기정보(10초)","cust_id, auth_key, jcode","","20"
"/future/m232/invest_basic_info","future","m232","기본정보","cust_id, auth_key","","40"
"/future/m232/invest_hist_info","future","m232","기본정보","cust_id, auth_key, sdate, edate","","41"
"/future/m232/invest_intra_info","future","m232","주기정보(30초)","cust_id, auth_key","","41"
"/future/m232/term_hist_info","future","m232","일별정보","cust_id, auth_key, jcode, term, sdate, edate","","18"
"/future/m232/tick_date","future","m232","체결정보","cust_id, auth_key, jcode, edate","","25"
"/future/m232/tick_info","future","m232","체결정보","cust_id, auth_key, jcode","","25"
"/future/m233/basic_info","future","m233","기본정보","cust_id, auth_key, jcode","","38"
"/future/m233/basic_info_port","future","m233","기본정보(복수종목)","cust_id, auth_key, codelist","","38"
"/future/m233/code_info","future","m233","코드정보","cust_id, auth_key","","8"
"/future/m233/hist_info","future","m233","일별정보","cust_id, auth_key, jcode, sdate, edate","","20"
"/future/m233/hoga_info","future","m233","호가정보","cust_id, auth_key, jcode","","24"
"/future/m233/hoga_info_port","future","m233","호가정보","cust_id, auth_key, codelist","","24"
"/future/m233/hoga_info_port_top","future","m233","호가정보(복수종목_최우선)","cust_id, auth_key, codelist","","6"
"/future/m233/intra_date","future","m233","주기정보(10초)","cust_id, auth_key, jcode, edate","","22"
"/future/m233/intra_info","future","m233","주기정보(10초)","cust_id, auth_key, jcode","","20"
"/future/m233/invest_basic_info","future","m233","기본정보","cust_id, auth_key","","40"
"/future/m233/invest_hist_info","future","m233","기본정보","cust_id, auth_key, sdate, edate","","41"
"/future/m233/invest_intra_info","future","m233","주기정보(30초)","cust_id, auth_key","","41"
"/future/m233/term_hist_info","future","m233","일별정보","cust_id, auth_key, jcode, term, sdate, edate","","18"
"/future/m233/tick_date","future","m233","체결정보","cust_id, auth_key, jcode, edate","","25"
"/future/m233/tick_info","future","m233","체결정보","cust_id, auth_key, jcode","","25"
"/future/m234/basic_info","future","m234","기본정보","cust_id, auth_key, jcode","","48"
"/future/m234/basic_info_port","future","m234","기본정보","cust_id, auth_key, codelist","","48"
"/future/m234/code_info","future","m234","코드정보","cust_id, auth_key","","11"
"/future/m234/hist_info","future","m234","일별정보","cust_id, auth_key, jcode, sdate, edate","","20"
"/future/m234/hoga_info","future","m234","호가정보","cust_id, auth_key, jcode","","24"
"/future/m234/hoga_info_port","future","m234","호가정보(복수종목)","cust_id, auth_key, codelist","","24"
"/future/m234/hoga_info_port_top","future","m234","호가정보(복수종목_최우선)","cust_id, auth_key, codelist","","6"
"/future/m234/intra_date","future","m234","주기정보(10초)","cust_id, auth_key, jcode, edate","","22"
"/future/m234/intra_info","future","m234","주기정보(10초)","cust_id, auth_key, jcode","","20"
"/future/m234/invest_basic_info","future","m234","기본정보","cust_id, auth_key","","80"
"/future/m234/invest_hist_info","future","m234","기본정보","cust_id, auth_key, sdate, edate","","81"
"/future/m234/invest_intra_info","future","m234","주기정보(30초)","cust_id, auth_key","","81"
"/future/m234/old_code_info","future","m234","과거 종목(코드정보)","cust_id, auth_key, yyyymm","","6"
"/future/m234/old_hist_info","future","m234","과거종목(일별정보)","cust_id, auth_key, jcode, sdate, edate","","13"
"/future/m234/term_hist_info","future","m234","일별정보","cust_id, auth_key, jcode, term, sdate, edate","","18"
"/future/m234/tick_info","future","m234","체결정보","cust_id, auth_key, jcode","","25"
"/future/m235/basic_info","future","m235","기본정보","cust_id, auth_key, jcode","","48"
"/future/m235/basic_info_port","future","m235","기본정보","cust_id, auth_key, codelist","","48"
"/future/m235/code_info","future","m235","코드정보","cust_id, auth_key","","11"
"/future/m235/hist_info","future","m235","일별정보","cust_id, auth_key, jcode, sdate, edate","","20"
"/future/m235/hoga_info","future","m235","호가정보","cust_id, auth_key, jcode","","24"
"/future/m235/hoga_info_port","future","m235","호가정보(복수종목)","cust_id, auth_key, codelist","","24"
"/future/m235/hoga_info_port_top","future","m235","호가정보(복수종목_최우선)","cust_id, auth_key, codelist","","6"
"/future/m235/intra_date","future","m235","주기정보(10초)","cust_id, auth_key, jcode, edate","","22"
"/future/m235/intra_info","future","m235","주기정보(10초)","cust_id, auth_key, jcode","","20"
"/future/m235/invest_basic_info","future","m235","기본정보","cust_id, auth_key","","80"
"/future/m235/invest_hist_info","future","m235","기본정보","cust_id, auth_key, sdate, edate","","81"
"/future/m235/invest_intra_info","future","m235","주기정보(30초)","cust_id, auth_key","","81"
"/future/m235/old_code_info","future","m235","과거 종목(코드정보)","cust_id, auth_key, yyyymm","","6"
"/future/m235/old_hist_info","future","m235","과거종목(일별정보)","cust_id, auth_key, jcode, sdate, edate","","13"
"/future/m235/term_hist_info","future","m235","일별정보","cust_id, auth_key, jcode, term, sdate, edate","","18"
"/future/m235/tick_info","future","m235","체결정보","cust_id, auth_key, jcode","","25"
"/future/m236/basic_info","future","m236","기본정보","cust_id, auth_key, jcode","","38"
"/future/m236/basic_info_port","future","m236","기본정보(복수종목)","cust_id, auth_key, codelist","","38"
"/future/m236/code_info","future","m236","코드정보","cust_id, auth_key","","8"
"/future/m236/hist_info","future","m236","일별정보","cust_id, auth_key, jcode, sdate, edate","","20"
"/future/m236/hoga_info","future","m236","호가정보","cust_id, auth_key, jcode","","24"
"/future/m236/hoga_info_port","future","m236","호가정보","cust_id, auth_key, codelist","","24"
"/future/m236/hoga_info_port_top","future","m236","호가정보(복수종목_최우선)","cust_id, auth_key, codelist","","6"
"/future/m236/intra_date","future","m236","주기정보(10초)","cust_id, auth_key, jcode, edate","","22"
"/future/m236/intra_info","future","m236","주기정보(10초)","cust_id, auth_key, jcode","","20"
"/future/m236/invest_basic_info","future","m236","기본정보","cust_id, auth_key","","40"
"/future/m236/invest_hist_info","future","m236","기본정보","cust_id, auth_key, sdate, edate","","41"
"/future/m236/invest_intra_info","future","m236","주기정보(30초)","cust_id, auth_key","","41"
"/future/m236/term_hist_info","future","m236","일별정보","cust_id, auth_key, jcode, term, sdate, edate","","18"
"/future/m236/tick_date","future","m236","체결정보","cust_id, auth_key, jcode, edate","","25"
"/future/m236/tick_info","future","m236","체결정보","cust_id, auth_key, jcode","","25"
"/future/m237/basic_info","future","m237","기본정보","cust_id, auth_key, jcode","","39"
"/future/m237/basic_info_port","future","m237","기본정보","cust_id, auth_key, codelist","","39"
"/future/m237/code_info","future","m237","코드정보","cust_id, auth_key","","8"
"/future/m237/hist_info","future","m237","일별정보","cust_id, auth_key, jcode, sdate, edate","","20"
"/future/m237/hoga_info","future","m237","호가정보","cust_id, auth_key, jcode","","24"
"/future/m237/intra_date","future","m237","주기정보(10초)","cust_id, auth_key, jcode, edate","","18"
"/future/m237/intra_info","future","m237","주기정보(10초)","cust_id, auth_key, jcode","","16"
"/future/m237/term_hist_info","future","m237","일별정보","cust_id, auth_key, jcode, term, sdate, edate","","18"
"/future/m237/tick_info","future","m237","체결정보","cust_id, auth_key, jcode","","25"
"/future/m238/basic_info","future","m238","기본정보","cust_id, auth_key, jcode","","38"
"/future/m238/basic_info_port","future","m238","기본정보","cust_id, auth_key, codelist","","38"
"/future/m238/code_info","future","m238","코드정보","cust_id, auth_key","","8"
"/future/m238/hist_info","future","m238","일별정보","cust_id, auth_key, jcode, sdate, edate","","20"
"/future/m238/hoga_info","future","m238","호가정보","cust_id, auth_key, jcode","","24"
"/future/m238/intra_date","future","m238","주기정보(10초)","cust_id, auth_key, jcode, edate","","18"
"/future/m238/intra_info","future","m238","주기정보(10초)","cust_id, auth_key, jcode","","16"
"/future/m238/term_hist_info","future","m238","일별정보","cust_id, auth_key, jcode, term, sdate, edate","","18"
"/future/m238/tick_info","future","m238","체결정보","cust_id, auth_key, jcode","","25"
"/future/m239/basic_info","future","m239","기본정보","cust_id, auth_key, jcode","","39"
"/future/m239/basic_info_port","future","m239","기본정보","cust_id, auth_key, codelist","","39"
"/future/m239/code_info","future","m239","코드정보","cust_id, auth_key","","8"
"/future/m239/hist_info","future","m239","일별정보","cust_id, auth_key, jcode, sdate, edate","","20"
"/future/m239/hoga_info","future","m239","호가정보","cust_id, auth_key, jcode","","24"
"/future/m239/intra_date","future","m239","주기정보(10초)","cust_id, auth_key, jcode, edate","","18"
"/future/m239/intra_info","future","m239","주기정보(10초)","cust_id, auth_key, jcode","","16"
"/future/m239/term_hist_info","future","m239","일별정보","cust_id, auth_key, jcode, term, sdate, edate","","18"
"/future/m239/tick_info","future","m239","체결정보","cust_id, auth_key, jcode","","25"
"/news/gongsi/gongsi_basic","news","gongsi","공시-제목-전체-일별 구간","cust_id, auth_key, sdate, edate","dcnt","15"
"/news/gongsi/gongsi_body","news","gongsi","공시-본문","cust_id, auth_key, ndate, ncode","","4"
"/news/gongsi/gongsi_jong","news","gongsi","공시-제목-종목별-일별 구간","cust_id, auth_key, jcode, sdate, edate","dcnt","14"
"/news/news/news_basic","news","news","뉴스-제목-전체-일별 구간","cust_id, auth_key, sdate, edate","dcnt","14"
"/news/news/news_body","news","news","뉴스-본문","cust_id, auth_key, ndate, ncode","","4"
"/news/news/news_jong","news","news","뉴스-제목-종목별-일별 구간","cust_id, auth_key, jcode, sdate, edate","dcnt","14"
"/news/news/news_mtvcd","news","news","뉴스-뉴스원","cust_id, auth_key","","2"
"/stock/m001/basic_info","stock","m001","기본정보","cust_id, auth_key, jcode","data_list","12"
"/stock/m001/basic_info_all","stock","m001","기본정보(전체)","cust_id, auth_key, jcode","data_list","150"
"/stock/m001/basic_info_all_port","stock","m001","기본정보(전체_복수종목)","cust_id, auth_key, codelist","data_list","150"
"/stock/m001/basic_info_port","stock","m001","기본정보(복수종목)","cust_id, auth_key, codelist","data_list","12"
"/stock/m001/code_etf_info","stock","m001","코드정보(ETF)","cust_id, auth_key","data_list","6"
"/stock/m001/code_etn_info","stock","m001","코드정보(ETN)","cust_id, auth_key","data_list","6"
"/stock/m001/code_info","stock","m001","코드정보","cust_id, auth_key","data_list","6"
"/stock/m001/credit_hist_info","stock","m001","신용잔고 일별정보","cust_id, auth_key, jcode, sdate, edate","","22"
"/stock/m001/hist_info","stock","m001","일별정보","cust_id, auth_key, jcode, sdate, edate","data_list","23"
"/stock/m001/hist_info_port","stock","m001","일별정보","cust_id, auth_key, codelist, edate","data_list","23"
"/stock/m001/hoga_info","stock","m001","호가정보","cust_id, auth_key, jcode","data_list","82"
"/stock/m001/hoga_info_port","stock","m001","호가정보(복수종목)","cust_id, auth_key, codelist","data_list","82"
"/stock/m001/hoga_info_port_top","stock","m001","호가정보(복수종목_최우선)","cust_id, auth_key, codelist","data_list","10"
"/stock/m001/intra_date","stock","m001","주기정보(1분)","cust_id, auth_key, jcode, edate","data_list","26"
"/stock/m001/intra_info","stock","m001","주기정보(10초)","cust_id, auth_key, jcode","data_list","27"
"/stock/m001/invest_hist","stock","m001","일별정보","cust_id, auth_key, jcode, sdate, edate","data_list","122"
"/stock/m001/invest_info_port","stock","m001","투자자 정보(복수종목)","cust_id, auth_key, codelist","data_list","121"
"/stock/m001/loan_hist_info","stock","m001","대차잔고 일별정보","cust_id, auth_key, jcode, sdate, edate","","10"
"/stock/m001/mass_hist_info","stock","m001","대량매매 일별정보","cust_id, auth_key, jcode, sdate, edate","","35"
"/stock/m001/member_date","stock","m001","회원사 매매집계","cust_id, auth_key, criteria_code, sdate, edate","-","10"
"/stock/m001/new_high","stock","m001","신고가/신저가","cust_id, auth_key, gubun","data_list","13"
"/stock/m001/program","stock","m001","프로그램매매-일중","cust_id, auth_key, jcode, edate","","23"
"/stock/m001/program_all","stock","m001","프로그램매매-일중(전체)","cust_id, auth_key, edate","","22"
"/stock/m001/program_all_basic","stock","m001","전체 프로그램매매(기본정보)","cust_id, auth_key","data_list","19"
"/stock/m001/program_basic","stock","m001","프로그램매매(기본정보)","cust_id, auth_key, jcode","data_list","26"
"/stock/m001/rank","stock","m001","순위정보","cust_id, auth_key, up_code, criteria_code","data_list","15"
"/stock/m001/rank_invest","stock","m001","순위정보(투자자-당일)","cust_id, auth_key, criteria_code, sort_code","data_list","121"
"/stock/m001/rank_invest_date","stock","m001","순위정보(투자자-기간합산)","cust_id, auth_key, criteria_code, sort_code, sdate, edate","data_list, -","123"
"/stock/m001/rank_mass_date","stock","m001","순위정보(대량매매-기간합산)","cust_id, auth_key, criteria_code, sdate, edate","-","33"
"/stock/m001/rank_short_date","stock","m001","순위정보(공매도-기간합산)","cust_id, auth_key, criteria_code, sdate, edate","-","7"
"/stock/m001/short_hist_info","stock","m001","공매도 일별정보","cust_id, auth_key, jcode, sdate, edate","","10"
"/stock/m001/term_hist_info","stock","m001","일별정보","cust_id, auth_key, jcode, term, sdate, edate","","17"
"/stock/m001/tick_date","stock","m001","체결정보","cust_id, auth_key, jcode, edate","","36"
"/stock/m001/tick_info","stock","m001","체결정보","cust_id, auth_key, jcode","order, dcnt","37"
"/stock/m001/upjong_info","stock","m001","소속업종정보","cust_id, auth_key, jcode","","2"
"/stock/m002/basic_info","stock","m002","기본정보","cust_id, auth_key, jcode","data_list","27"
"/stock/m002/code_info","stock","m002","코드정보","cust_id, auth_key","data_list","3"
"/stock/m002/hist_info","stock","m002","일별정보","cust_id, auth_key, jcode, sdate, edate","data_list","18"
"/stock/m002/intra_date","stock","m002","주기정보(1분)","cust_id, auth_key, jcode, edate","data_list","13"
"/stock/m002/intra_info","stock","m002","주기정보(10초)","cust_id, auth_key, jcode","data_list","14"
"/stock/m002/invest_basic_info","stock","m002","투자자 기본정보","cust_id, auth_key, jcode","data_list","121"
"/stock/m002/invest_hist_info","stock","m002","투자자 일별정보","cust_id, auth_key, jcode, sdate, edate","data_list","122"
"/stock/m002/invest_intra_date","stock","m002","투자자 주기정보(10초)","cust_id, auth_key, jcode, edate","data_list","122"
"/stock/m002/invest_intra_info","stock","m002","투자자 주기정보(10초)","cust_id, auth_key, jcode","data_list","122"
"/stock/m002/term_hist_info","stock","m002","일별정보","cust_id, auth_key, jcode, term, sdate, edate","data_list","16"
"/stock/m002/tick_info","stock","m002","체결정보","cust_id, auth_key, jcode","data_list","30"
"/stock/m003/basic_info","stock","m003","기본정보","cust_id, auth_key, jcode","data_list","12"
"/stock/m003/basic_info_all","stock","m003","기본정보(전체)","cust_id, auth_key, jcode","data_list","102"
"/stock/m003/basic_info_all_port","stock","m003","기본정보(전체_복수종목)","cust_id, auth_key, codelist","data_list","102"
"/stock/m003/basic_info_port","stock","m003","기본정보(복수종목)","cust_id, auth_key, codelist","data_list","12"
"/stock/m003/code_info","stock","m003","코드정보","cust_id, auth_key","data_list","6"
"/stock/m003/credit_hist_info","stock","m003","신용잔고 일별정보","cust_id, auth_key, jcode, sdate, edate","","22"
"/stock/m003/hist_info","stock","m003","일별정보","cust_id, auth_key, jcode, sdate, edate","data_list","22"
"/stock/m003/hoga_info","stock","m003","호가정보","cust_id, auth_key, jcode","data_list","46"
"/stock/m003/hoga_info_port","stock","m003","호가정보(복수종목)","cust_id, auth_key, codelist","data_list","46"
"/stock/m003/hoga_info_port_top","stock","m003","호가정보(복수종목_최우선)","cust_id, auth_key, codelist","data_list","6"
"/stock/m003/intra_date","stock","m003","주기정보(1분)","cust_id, auth_key, jcode, edate","data_list","19"
"/stock/m003/intra_info","stock","m003","주기정보(10초)","cust_id, auth_key, jcode","data_list","20"
"/stock/m003/invest_hist","stock","m003","일별정보","cust_id, auth_key, jcode, sdate, edate","data_list","122"
"/stock/m003/invest_info_port","stock","m003","투자자 정보(복수종목)","cust_id, auth_key, codelist","data_list","121"
"/stock/m003/loan_hist_info","stock","m003","대차잔고 일별정보","cust_id, auth_key, jcode, sdate, edate","","10"
"/stock/m003/mass_hist_info","stock","m003","대량매매 일별정보","cust_id, auth_key, jcode, sdate, edate","","35"
"/stock/m003/member_date","stock","m003","회원사 매매집계","cust_id, auth_key, criteria_code, sdate, edate","-","10"
"/stock/m003/new_high","stock","m003","신고가/신저가","cust_id, auth_key, gubun","data_list","13"
"/stock/m003/program","stock","m003","기본정보","cust_id, auth_key, jcode, edate","","23"
"/stock/m003/program_all","stock","m003","프로그램매매-일중(전체)","cust_id, auth_key, edate","","22"
"/stock/m003/program_all_basic","stock","m003","전체 프로그램매매(기본정보)","cust_id, auth_key","data_list","19"
"/stock/m003/program_basic","stock","m003","프로그램매매(기본정보)","cust_id, auth_key, jcode","data_list","26"
"/stock/m003/rank","stock","m003","순위정보","cust_id, auth_key, up_code, criteria_code","data_list","15"
"/stock/m003/rank_invest","stock","m003","순위정보(투자자-당일)","cust_id, auth_key, criteria_code, sort_code","data_list","121"
"/stock/m003/rank_invest_date","stock","m003","순위정보(투자자-기간합산)","cust_id, auth_key, criteria_code, sort_code, sdate, edate","data_list, -","123"
"/stock/m003/rank_mass_date","stock","m003","순위정보(대량매매-기간합산)","cust_id, auth_key, criteria_code, sdate, edate","-","33"
"/stock/m003/rank_short_date","stock","m003","순위정보(공매도-기간합산)","cust_id, auth_key, criteria_code, sdate, edate","-","7"
"/stock/m003/short_hist_info","stock","m003","공매도 일별정보","cust_id, auth_key, jcode, sdate, edate","","10"
"/stock/m003/term_hist_info","stock","m003","일별정보","cust_id, auth_key, jcode, term, sdate, edate","data_list","16"
"/stock/m003/tick_date","stock","m003","체결정보","cust_id, auth_key, jcode, edate","data_list","36"
"/stock/m003/tick_info","stock","m003","체결정보","cust_id, auth_key, jcode","data_list, order, dcnt","37"
"/stock/m003/upjong_info","stock","m003","소속업종정보","cust_id, auth_key, jcode","","2"
"/stock/m004/basic_info","stock","m004","기본정보","cust_id, auth_key, jcode","data_list","27"
"/stock/m004/code_info","stock","m004","코드정보","cust_id, auth_key","data_list","3"
"/stock/m004/hist_info","stock","m004","일별정보","cust_id, auth_key, jcode, sdate, edate","data_list","18"
"/stock/m004/intra_date","stock","m004","주기정보(1분)","cust_id, auth_key, jcode, edate","data_list","13"
"/stock/m004/intra_info","stock","m004","주기정보(10초)","cust_id, auth_key, jcode","data_list","14"
"/stock/m004/invest_basic_info","stock","m004","투자자 기본정보","cust_id, auth_key, jcode","data_list","121"
"/stock/m004/invest_hist_info","stock","m004","투자자 일별정보","cust_id, auth_key, jcode, sdate, edate","data_list","122"
"/stock/m004/invest_intra_date","stock","m004","투자자 주기정보(10초)","cust_id, auth_key, jcode, edate","data_list","122"
"/stock/m004/invest_intra_info","stock","m004","투자자 주기정보(10초)","cust_id, auth_key, jcode","data_list","122"
"/stock/m004/term_hist_info","stock","m004","일별정보","cust_id, auth_key, jcode, term, sdate, edate","data_list","16"
"/stock/m004/tick_info","stock","m004","체결정보","cust_id, auth_key, jcode","data_list","30"
"/stock/m008/basic_info","stock","m008","기본정보","cust_id, auth_key, jcode","","12"
"/stock/m008/code_info","stock","m008","코드정보","cust_id, auth_key","","4"
"/stock/m008/hist_info","stock","m008","일별정보","cust_id, auth_key, jcode, sdate, edate","","14"
"/stock/m008/intra_info","stock","m008","주기정보(10초)","cust_id, auth_key, jcode","","19"
"/stock/m008/term_hist_info","stock","m008","일별정보","cust_id, auth_key, jcode, term, sdate, edate","","11"
"/stock/m008/tick_info","stock","m008","체결정보","cust_id, auth_key, jcode","","28"
"/stock/m009/basic_info","stock","m009","기본정보","cust_id, auth_key, jcode","","12"
"/stock/m009/code_info","stock","m009","코드정보","cust_id, auth_key","","4"
"/stock/m009/hist_info","stock","m009","일별정보","cust_id, auth_key, jcode, sdate, edate","","14"
"/stock/m009/intra_info","stock","m009","주기정보(10초)","cust_id, auth_key, jcode","","19"
"/stock/m009/term_hist_info","stock","m009","일별정보","cust_id, auth_key, jcode, term, sdate, edate","","11"
"/stock/m009/tick_info","stock","m009","체결정보","cust_id, auth_key, jcode","","28"
"/stock/m010/basic_info","stock","m010","기본정보","cust_id, auth_key, jcode","","12"
"/stock/m010/code_info","stock","m010","코드정보","cust_id, auth_key","","4"
"/stock/m010/hist_info","stock","m010","일별정보","cust_id, auth_key, jcode, sdate, edate","","14"
"/stock/m010/term_hist_info","stock","m010","일별정보","cust_id, auth_key, jcode, term, sdate, edate","","11"
"/stock/m010/tick_info","stock","m010","체결정보","cust_id, auth_key, jcode","","28"
"/stock/m118/basic_info","stock","m118","기본정보","cust_id, auth_key, jcode","","12"
"/stock/m118/code_info","stock","m118","코드정보","cust_id, auth_key","","4"
"/stock/m118/hist_info","stock","m118","일별정보","cust_id, auth_key, jcode, sdate, edate","","14"
"/stock/m118/hoga_info","stock","m118","호가정보","cust_id, auth_key, jcode","","46"
"/stock/m118/intra_info","stock","m118","주기정보(10초)","cust_id, auth_key, jcode","","19"
"/stock/m118/term_hist_info","stock","m118","일별정보","cust_id, auth_key, jcode, term, sdate, edate","","11"
"/stock/m118/tick_info","stock","m118","체결정보","cust_id, auth_key, jcode","","30"
"/stock/m121/basic_info","stock","m121","기본정보","cust_id, auth_key, jcode","","27"
"/stock/m121/code_info","stock","m121","코드정보","cust_id, auth_key","","3"
"/stock/m121/hist_info","stock","m121","일별정보","cust_id, auth_key, jcode, sdate, edate","","33"
"/stock/m121/intra_info","stock","m121","주기정보(10초)","cust_id, auth_key, jcode","","14"
"/stock/m121/term_hist_info","stock","m121","일별정보","cust_id, auth_key, jcode, term, sdate, edate","","31"
"/stock/m121/tick_info","stock","m121","체결정보","cust_id, auth_key, jcode","","30"
"/stock/m167/basic_info","stock","m167","기본정보","cust_id, auth_key, jcode","","27"
"/stock/m167/code_info","stock","m167","코드정보","cust_id, auth_key","","3"
"/stock/m167/hist_info","stock","m167","일별정보","cust_id, auth_key, jcode, sdate, edate","","33"
"/stock/m167/intra_info","stock","m167","주기정보(10초)","cust_id, auth_key, jcode","","14"
"/stock/m167/term_hist_info","stock","m167","일별정보","cust_id, auth_key, jcode, term, sdate, edate","","31"
"/stock/m167/tick_info","stock","m167","체결정보","cust_id, auth_key, jcode","","30"
"/stock/m168/basic_info","stock","m168","기본정보","cust_id, auth_key, jcode","","17"
"/stock/m168/code_info","stock","m168","코드정보","cust_id, auth_key","","3"
"/stock/m168/hist_info","stock","m168","일별정보","cust_id, auth_key, jcode, sdate, edate","","33"
"/stock/m168/intra_info","stock","m168","주기정보(10초)","cust_id, auth_key, jcode","","14"
"/stock/m168/term_hist_info","stock","m168","일별정보","cust_id, auth_key, jcode, term, sdate, edate","","31"
"/stock/m168/tick_info","stock","m168","체결정보","cust_id, auth_key, jcode","","30"
"/stock/m222/basic_info","stock","m222","기본정보","cust_id, auth_key, jcode","","12"
"/stock/m222/basic_info_all","stock","m222","기본정보(전체)","cust_id, auth_key, jcode","","152"
"/stock/m222/basic_info_all_port","stock","m222","기본정보(전체_복수종목)","cust_id, auth_key, codelist","","152"
"/stock/m222/basic_info_port","stock","m222","기본정보(복수종목)","cust_id, auth_key, codelist","","12"
"/stock/m222/code_info","stock","m222","코드정보","cust_id, auth_key","","6"
"/stock/m222/hist_info","stock","m222","일별정보","cust_id, auth_key, jcode, sdate, edate","","22"
"/stock/m222/hoga_info","stock","m222","호가정보","cust_id, auth_key, jcode","","46"
"/stock/m222/hoga_info_port","stock","m222","호가정보(복수종목)","cust_id, auth_key, codelist","","46"
"/stock/m222/hoga_info_port_top","stock","m222","호가정보(복수종목_최우선)","cust_id, auth_key, codelist","","6"
"/stock/m222/intra_date","stock","m222","주기정보(1분)","cust_id, auth_key, jcode, edate","","26"
"/stock/m222/intra_info","stock","m222","주기정보(10초)","cust_id, auth_key, jcode","","27"
"/stock/m222/invest_info_port","stock","m222","투자자 정보(복수종목)","cust_id, auth_key, codelist","","121"
"/stock/m222/member_date","stock","m222","회원사 매매집계","cust_id, auth_key, criteria_code, sdate, edate","-","10"
"/stock/m222/program","stock","m222","프로그램매매-일중","cust_id, auth_key, jcode, edate","","23"
"/stock/m222/program_all","stock","m222","프로그램매매-일중(전체)","cust_id, auth_key, edate","","22"
"/stock/m222/program_all_basic","stock","m222","전체 프로그램매매(기본정보)","cust_id, auth_key","data_list","19"
"/stock/m222/program_basic","stock","m222","프로그램매매(기본정보)","cust_id, auth_key, jcode","data_list","26"
"/stock/m222/rank","stock","m222","순위정보","cust_id, auth_key, criteria_code","up_code","15"
"/stock/m222/rank_invest","stock","m222","순위정보(투자자-당일)","cust_id, auth_key, criteria_code, sort_code","","121"
"/stock/m222/rank_invest_date","stock","m222","순위정보(투자자-기간합산)","cust_id, auth_key, criteria_code, sort_code, sdate, edate","-","123"
"/stock/m222/term_hist_info","stock","m222","일별정보","cust_id, auth_key, jcode, term, sdate, edate","","16"
"/stock/m222/tick_date","stock","m222","체결정보","cust_id, auth_key, jcode, edate","","36"
"/stock/m222/tick_info","stock","m222","체결정보","cust_id, auth_key, jcode","order, dcnt","37"
"/stock/m223/basic_info","stock","m223","기본정보","cust_id, auth_key, jcode","","12"
"/stock/m223/basic_info_all","stock","m223","기본정보(전체)","cust_id, auth_key, jcode","","152"
"/stock/m223/basic_info_all_port","stock","m223","기본정보(전체_복수종목)","cust_id, auth_key, codelist","","152"
"/stock/m223/basic_info_port","stock","m223","기본정보(복수종목)","cust_id, auth_key, codelist","","12"
"/stock/m223/code_info","stock","m223","코드정보","cust_id, auth_key","","6"
"/stock/m223/hist_info","stock","m223","일별정보","cust_id, auth_key, jcode, sdate, edate","","22"
"/stock/m223/hoga_info","stock","m223","호가정보","cust_id, auth_key, jcode","","46"
"/stock/m223/hoga_info_port","stock","m223","호가정보(복수종목)","cust_id, auth_key, codelist","","46"
"/stock/m223/hoga_info_port_top","stock","m223","호가정보(복수종목_최우선)","cust_id, auth_key, codelist","","6"
"/stock/m223/intra_date","stock","m223","주기정보(1분)","cust_id, auth_key, jcode, edate","","26"
"/stock/m223/intra_info","stock","m223","주기정보(10초)","cust_id, auth_key, jcode","","27"
"/stock/m223/invest_info_port","stock","m223","투자자 정보(복수종목)","cust_id, auth_key, codelist","","121"
"/stock/m223/member_date","stock","m223","회원사 매매집계","cust_id, auth_key, criteria_code, sdate, edate","-","10"
"/stock/m223/program","stock","m223","프로그램매매-일중","cust_id, auth_key, jcode, edate","","23"
"/stock/m223/program_all","stock","m223","프로그램매매-일중(전체)","cust_id, auth_key, edate","","22"
"/stock/m223/program_all_basic","stock","m223","전체 프로그램매매(기본정보)","cust_id, auth_key","data_list","19"
"/stock/m223/program_basic","stock","m223","프로그램매매(기본정보)","cust_id, auth_key, jcode","data_list","26"
"/stock/m223/rank","stock","m223","순위정보","cust_id, auth_key, criteria_code","up_code","15"
"/stock/m223/rank_invest","stock","m223","순위정보(투자자-당일)","cust_id, auth_key, criteria_code, sort_code","","121"
"/stock/m223/rank_invest_date","stock","m223","순위정보(투자자-기간합산)","cust_id, auth_key, criteria_code, sort_code, sdate, edate","-","123"
"/stock/m223/term_hist_info","stock","m223","일별정보","cust_id, auth_key, jcode, term, sdate, edate","","16"
"/stock/m223/tick_date","stock","m223","체결정보","cust_id, auth_key, jcode, edate","","36"
"/stock/m223/tick_info","stock","m223","체결정보","cust_id, auth_key, jcode","order, dcnt","37"
"/stock/m224/basic_info","stock","m224","기본정보","cust_id, auth_key, jcode","","12"
"/stock/m224/basic_info_all","stock","m224","기본정보(전체)","cust_id, auth_key, jcode","","152"
"/stock/m224/basic_info_all_port","stock","m224","기본정보(전체_복수종목)","cust_id, auth_key, codelist","","152"
"/stock/m224/basic_info_port","stock","m224","기본정보(복수종목)","cust_id, auth_key, codelist","","12"
"/stock/m224/code_info","stock","m224","코드정보","cust_id, auth_key","","6"
"/stock/m224/hist_info","stock","m224","일별정보","cust_id, auth_key, jcode, sdate, edate","","22"
"/stock/m224/hoga_info","stock","m224","호가정보","cust_id, auth_key, jcode","","46"
"/stock/m224/hoga_info_port","stock","m224","호가정보(복수종목)","cust_id, auth_key, codelist","","46"
"/stock/m224/hoga_info_port_top","stock","m224","호가정보(복수종목_최우선)","cust_id, auth_key, codelist","","6"
"/stock/m224/intra_date","stock","m224","주기정보(1분)","cust_id, auth_key, jcode, edate","","26"
"/stock/m224/intra_info","stock","m224","주기정보(10초)","cust_id, auth_key, jcode","","27"
"/stock/m224/invest_info_port","stock","m224","투자자 정보(복수종목)","cust_id, auth_key, codelist","","121"
"/stock/m224/member_date","stock","m224","회원사 매매집계","cust_id, auth_key, criteria_code, sdate, edate","-","10"
"/stock/m224/program","stock","m224","프로그램매매-일중","cust_id, auth_key, jcode, edate","","23"
"/stock/m224/program_all","stock","m224","프로그램매매-일중(전체)","cust_id, auth_key, edate","","22"
"/stock/m224/program_all_basic","stock","m224","전체 프로그램매매(기본정보)","cust_id, auth_key","data_list","19"
"/stock/m224/program_basic","stock","m224","프로그램매매(기본정보)","cust_id, auth_key, jcode","data_list","26"
"/stock/m224/rank","stock","m224","순위정보","cust_id, auth_key, criteria_code","up_code","15"
"/stock/m224/rank_invest","stock","m224","순위정보(투자자-당일)","cust_id, auth_key, criteria_code, sort_code","","121"
"/stock/m224/rank_invest_date","stock","m224","순위정보(투자자-기간합산)","cust_id, auth_key, criteria_code, sort_code, sdate, edate","-","123"
"/stock/m224/term_hist_info","stock","m224","일별정보","cust_id, auth_key, jcode, term, sdate, edate","","16"
"/stock/m224/tick_date","stock","m224","체결정보","cust_id, auth_key, jcode, edate","","36"
"/stock/m224/tick_info","stock","m224","체결정보","cust_id, auth_key, jcode","order, dcnt","37"
"/stock/m225/basic_info","stock","m225","기본정보","cust_id, auth_key, jcode","","12"
"/stock/m225/basic_info_all","stock","m225","기본정보(전체)","cust_id, auth_key, jcode","","152"
"/stock/m225/basic_info_all_port","stock","m225","기본정보(전체_복수종목)","cust_id, auth_key, codelist","","152"
"/stock/m225/basic_info_port","stock","m225","기본정보(복수종목)","cust_id, auth_key, codelist","","12"
"/stock/m225/code_info","stock","m225","코드정보","cust_id, auth_key","","6"
"/stock/m225/hist_info","stock","m225","일별정보","cust_id, auth_key, jcode, sdate, edate","","22"
"/stock/m225/hoga_info","stock","m225","호가정보","cust_id, auth_key, jcode","","46"
"/stock/m225/hoga_info_port","stock","m225","호가정보(복수종목)","cust_id, auth_key, codelist","","46"
"/stock/m225/hoga_info_port_top","stock","m225","호가정보(복수종목_최우선)","cust_id, auth_key, codelist","","6"
"/stock/m225/intra_date","stock","m225","주기정보(1분)","cust_id, auth_key, jcode, edate","","26"
"/stock/m225/intra_info","stock","m225","주기정보(10초)","cust_id, auth_key, jcode","","27"
"/stock/m225/invest_info_port","stock","m225","투자자 정보(복수종목)","cust_id, auth_key, codelist","","121"
"/stock/m225/member_date","stock","m225","회원사 매매집계","cust_id, auth_key, criteria_code, sdate, edate","-","10"
"/stock/m225/program","stock","m225","프로그램매매-일중","cust_id, auth_key, jcode, edate","","23"
"/stock/m225/program_all","stock","m225","프로그램매매-일중(전체)","cust_id, auth_key, edate","","22"
"/stock/m225/program_all_basic","stock","m225","전체 프로그램매매(기본정보)","cust_id, auth_key","data_list","19"
"/stock/m225/program_basic","stock","m225","프로그램매매(기본정보)","cust_id, auth_key, jcode","data_list","26"
"/stock/m225/rank","stock","m225","순위정보","cust_id, auth_key, criteria_code","up_code","15"
"/stock/m225/rank_invest","stock","m225","순위정보(투자자-당일)","cust_id, auth_key, criteria_code, sort_code","","121"
"/stock/m225/rank_invest_date","stock","m225","순위정보(투자자-기간합산)","cust_id, auth_key, criteria_code, sort_code, sdate, edate","-","123"
"/stock/m225/term_hist_info","stock","m225","일별정보","cust_id, auth_key, jcode, term, sdate, edate","","16"
"/stock/m225/tick_date","stock","m225","체결정보","cust_id, auth_key, jcode, edate","","36"
"/stock/m225/tick_info","stock","m225","체결정보","cust_id, auth_key, jcode","order, dcnt","37"
"/stock/m226/basic_info","stock","m226","기본정보","cust_id, auth_key, jcode","data_list","3"
"/stock/m226/code_info","stock","m226","코드정보","cust_id, auth_key","data_list","3"
"/stock/m226/hist_info","stock","m226","일별정보","cust_id, auth_key, jcode, sdate, edate","data_list","4"
"/stock/m226/invest_basic_info","stock","m226","투자자 기본정보","cust_id, auth_key, jcode","data_list","121"
"/stock/m226/invest_hist_info","stock","m226","투자자 일별정보","cust_id, auth_key, jcode, sdate, edate","data_list","122"
"/stock/m226/invest_intra_date","stock","m226","투자자 주기정보(10초)","cust_id, auth_key, jcode, edate","data_list","122"
"/stock/m226/invest_intra_info","stock","m226","투자자 주기정보(10초)","cust_id, auth_key, jcode","data_list","122"
"/stock/m227/basic_info","stock","m227","기본정보","cust_id, auth_key, jcode","data_list","3"
"/stock/m227/code_info","stock","m227","코드정보","cust_id, auth_key","data_list","3"
"/stock/m227/hist_info","stock","m227","일별정보","cust_id, auth_key, jcode, sdate, edate","data_list","4"
"/stock/m227/invest_basic_info","stock","m227","투자자 기본정보","cust_id, auth_key, jcode","data_list","121"
"/stock/m227/invest_hist_info","stock","m227","투자자 일별정보","cust_id, auth_key, jcode, sdate, edate","data_list","122"
"/stock/m227/invest_intra_date","stock","m227","투자자 주기정보(10초)","cust_id, auth_key, jcode, edate","data_list","122"
"/stock/m227/invest_intra_info","stock","m227","투자자 주기정보(10초)","cust_id, auth_key, jcode","data_list","122"
"/stock/m228/basic_info","stock","m228","기본정보","cust_id, auth_key, jcode","data_list","3"
"/stock/m228/code_info","stock","m228","코드정보","cust_id, auth_key","data_list","3"
"/stock/m228/hist_info","stock","m228","일별정보","cust_id, auth_key, jcode, sdate, edate","data_list","4"
"/stock/m228/invest_basic_info","stock","m228","투자자 기본정보","cust_id, auth_key, jcode","data_list","121"
"/stock/m228/invest_hist_info","stock","m228","투자자 일별정보","cust_id, auth_key, jcode, sdate, edate","data_list","122"
"/stock/m228/invest_intra_date","stock","m228","투자자 주기정보(10초)","cust_id, auth_key, jcode, edate","data_list","122"
"/stock/m228/invest_intra_info","stock","m228","투자자 주기정보(10초)","cust_id, auth_key, jcode","data_list","122"
"/stock/m229/basic_info","stock","m229","기본정보","cust_id, auth_key, jcode","data_list","3"
"/stock/m229/code_info","stock","m229","코드정보","cust_id, auth_key","data_list","3"
"/stock/m229/hist_info","stock","m229","일별정보","cust_id, auth_key, jcode, sdate, edate","data_list","4"
"/stock/m229/invest_basic_info","stock","m229","투자자 기본정보","cust_id, auth_key, jcode","data_list","121"
"/stock/m229/invest_hist_info","stock","m229","투자자 일별정보","cust_id, auth_key, jcode, sdate, edate","data_list","122"
"/stock/m229/invest_intra_info","stock","m229","투자자 주기정보(10초)","cust_id, auth_key, jcode","data_list","122"
