name,type,description,detail
"","ETV","Exchange-Traded Products",""
"AC_FS_YYMM","NUMERIC(6)","회계년도(년월)",""
"AC_MAIN_PRODUCT","VARCHAR(50)","주요제품",""
"AC_SALES_RATIO","NUMERIC(6,2)","매출액구성비",""
"AC_SEQ","NUMERIC(5)","일련번호",""
"AD_COMP_NAME","VARCHAR(50)","회사명",""
"AD_FS_YYMM","NUMERIC(6)","회계년도(년월)",""
"AD_OCCU_RATIO","NUMERIC(5,2)","점유율(%)",""
"AD_PROD_NAME","VARCHAR(50)","제품명",""
"AD_SEQ","NUMERIC(5)","일련번호",""
"ADDR","VARCHAR(150)","주소",""
"AMT","NUMERIC(20)","체결액",""
"ASSET_ISIN_CODE","CHAR(12)","기초자산코드",""
"ASSET_KIND","VARCHAR(11)","대상자산종류",""
"AUDITOR","VARCHAR(30)","외부감사인",""
"AVG_RATE","NUMERIC(19,3)","평균금리",""
"BANK","VARCHAR(50)","주거래은행",""
"BANK_DEMAND_DEPOSIT","INT","(은행)요구불예금",""
"BANK_SAVINGS_DEPOSIT","INT","(은행)저축성예금",""
"BANKCD_ISSUE","INT","(은행)CD순발행",""
"BB_COMM","NUMERIC(19)","보통주주식수(주)",""
"BB_COMMRATE","NUMERIC(5,2)","보통주비율(%)",""
"BB_FS_YYMM","NUMERIC(6)","회계년도(년월)",""
"BB_GUBN","CHAR(2)","주주구분","(10:대주주1일초계,20:대주주1인과특수관계인,30:5%이상주요주주,40:기타주주)"
"BB_NAME","VARCHAR(60)","성명",""
"BB_PREF","NUMERIC(19)","우선주주식수(주)",""
"BB_PREF_RATE","NUMERIC(5,2)","우선주비율(%)",""
"BB_RELATION","VARCHAR(60)","대주주1인과특수관계",""
"BB_SEQ","NUMERIC(8)","일련번호",""
"BIGCD","CHAR(1)","대분류코드","1:뉴스 / 2: 공시"
"BIZ_REG_NO","VARCHAR(13)","사업자등록번호",""
"BODY","VARCHAR(132)","본문",""
"BONCD","CHAR(1)","본문분류코드",""
"BRK_CODE","INT","회원사코드",""
"BRKBUYAMT","INT(18)","위탁매수거래대금",""
"BRKBUYVOL","INT(18)","위탁매수거래량",""
"BRKCODE","INT","회원사코드",""
"BRKNAMEE","CHAR(60)","영문회원사약명",""
"BRKSELLAMT","INT(18)","위탁매도거래대금",""
"BRKSELLVOL","INT(18)","위탁매도거래량",""
"CEO","VARCHAR(50)","대표이사",""
"CF","NUMERIC(32,20)","지급현금흐름",""
"CHECK_CODE","VARCHAR(100)","CHECK 코드",""
"CLASS1","VARCHAR(100)","대분류",""
"CLASS2","VARCHAR(100)","중분류",""
"CLASS3","VARCHAR(100)","소분류",""
"CLASS4","VARCHAR(100)","세분류",""
"CLASSA","VARCHAR(100)","최초분류",""
"CLASSN","VARCHAR(100)","국가",""
"CMP_CD","CHAR(6)","기업코드",""
"CMP_FUL_NM_ENG","VARCHAR(200)","영문명",""
"CMP_FUL_NM_KOR","VARCHAR(200)","한글명",""
"CMP_NM_ENG","VARCHAR(100)","영문약명",""
"CMP_NM_KOR","VARCHAR(100)","한글약명",""
"CMP_YN","NUMERIC(1)","기업 아이템여부","0:미사용,1:사용"
"CMS_TYP","NUMERIC(1)","섹터 아이템여부","1:재무계정,2:비재무계정"
"CNS_DT","NUMERIC(8)","생성일자",""
"CODE","CHAR(12)","뉴스원",""
"COMMENT1","VARCHAR(240)","코멘트1",""
"COMMENT2","VARCHAR(240)","코멘트2",""
"COMMENT3","VARCHAR(240)","코멘트3",""
"COMMENT4","VARCHAR(240)","코멘트4",""
"COMMENT5","VARCHAR(240)","코멘트5",""
"CONV_RATE","NUMERIC(22,8)","전환계수",""
"CORP_REG_NO","VARCHAR(15)","법인등록번호",""
"CREATE_DT","DATETIME","최초입력날짜",""
"CURRENCY","VARCHAR(100)","통화",""
"CYCLE","VARCHAR(50)","주기",""
"DATA_VALUE","VARCHAR(50)","지표값",""
"DATE","CHAR(8)","일자",""
"DELIST_DT","NUMERIC(8)","상장폐지일",""
"DSEQ","INT","일련번호","내부사용"
"DWM_TYPE","NUMERIC(2)","주기구분","(1:일,2:주,3:월)"
"EDATE","INT","끝일자",""
"EMP_NO","NUMERIC(10)","우편번호",""
"END_DATE","NUMERIC(8)","이자계산종료일",""
"END_DT","NUMERIC(8)","종료일",""
"EST_DT","NUMERIC(8)","설립일",""
"F02045","INT(11)","20일최고가",""
"F02056","INT(11)","20일최고가발생일",""
"F02067","INT(11)","20일최저가",""
"F02078","INT(11)","20일최저가발생일",""
"F02089","INT(11)","120일최고가",""
"F02100","INT(11)","120일최고가발생일",""
"F02111","INT(11)","120일최저가",""
"F02122","INT(11)","120일최저가발생일",""
"F02133","INT(11)","52주최고가",""
"F02144","INT(11)","52주최고가발생일",""
"F02155","INT(11)","52주최저가",""
"F02166","INT(11)","52주최저가발생일",""
"F02177","INT(11)","연중최고가",""
"F02188","INT(11)","연중최고가발생일",""
"F02199","INT(11)","연중최저가",""
"F02210","INT(11)","연중최저가발생일",""
"F02221","INT(11)","역대최고가",""
"F02232","INT(11)","역대최고가발생일",""
"F02243","INT(11)","역대최저가",""
"F02254","INT(11)","역대최저가발생일",""
"F02283","INT(11)","60일최고가",""
"F02284","INT(11)","60일최고가일자",""
"F02285","INT(11)","60일최저가",""
"F02286","INT(11)","60일최저가일자",""
"F03003","INT","전일종가",""
"F03302","DECIMAL(12,3)","전일수익률",""
"F03320","BIGINT(20)","최근일거래량_채권종류대비",""
"F03321","BIGINT(20)","최근일거래대금_채권종류대비",""
"F03322","INT(10)","최근일체결건수_채권종류대비",""
"F03323","DECIMAL(12,2)","최근일체결가_채권종류대비",""
"F03324","CHAR(8)","최근체결일_채권종류대비",""
"F03325","DECIMAL(12,3)","최근일체결수익률_채권종류대비",""
"F03329","DECIMAL(12,2)","전일ETP지표가치(예탁원)(NAV/IV)",""
"F03377","BIGINT(20)","전일외국인보유주식수",""
"F03480","INT","종목별전일입회일",""
"F04001","DECIMAL(12,2)","시장베이시스",""
"F04002","DECIMAL(12,2)","이론베이시스",""
"F04017","DECIMAL(6,2)","이론가괴리율",""
"F04502","DECIMAL(12,6)","내재변동성델타",""
"F04503","DECIMAL(12,6)","내재변동성감마",""
"F04504","DECIMAL(12,6)","내재변동성베가",""
"F04505","DECIMAL(12,6)","내재변동성세타",""
"F04506","DECIMAL(12,6)","내재변동성로",""
"F04507","DECIMAL(20,1)","내재변동성",""
"F04531","DECIMAL(6,2)","내재변동성이론가",""
"F05507","BIGINT(20)","종목별프로그램매매차익매도거래량",""
"F05508","BIGINT(20)","종목별프로그램매매차익매수거래량",""
"F05509","BIGINT(20)","종목별프로그램매매차익순매수거래량",""
"F05516","BIGINT(20)","종목별프로그램매매비차익매도거래량",""
"F05517","BIGINT(20)","종목별프로그램매매비차익매수거래량",""
"F05518","BIGINT(20)","종목별프로그램매매비차익순매수거래량",""
"F05525","BIGINT(20)","종목별프로그램매매매도거래량",""
"F05526","BIGINT(20)","종목별프로그램매매매수거래량",""
"F05527","BIGINT(20)","종목별프로그램매매순매수거래량",""
"F05552","DECIMAL(12,2)","종목별프로그램매매매도거래량비율",""
"F05553","DECIMAL(12,2)","종목별프로그램매매매수거래량비율",""
"F05554","DECIMAL(12,2)","종목별프로그램매매순매수거래량비율",""
"F05561","BIGINT(20)","전체프로그램매매차익매도거래량",""
"F05562","BIGINT(20)","전체프로그램매매차익매수거래량",""
"F05563","BIGINT(20)","전체프로그램매매차익순매수거래량",""
"F05570","BIGINT(20)","전체프로그램매매비차익매도거래량",""
"F05571","BIGINT(20)","전체프로그램매매비차익매수거래량",""
"F05572","BIGINT(20)","전체프로그램매매비차익순매수거래량",""
"F05579","BIGINT(20)","전체프로그램매매매도거래량",""
"F05580","BIGINT(20)","전체프로그램매매매수거래량",""
"F05581","BIGINT(20)","전체프로그램매매순매수거래량",""
"F05615","BIGINT(20)","종목별프로그램매매차익매도거래대금",""
"F05616","BIGINT(20)","종목별프로그램매매차익매수거래대금",""
"F05617","BIGINT(20)","종목별프로그램매매차익순매수거래대금",""
"F05624","BIGINT(20)","종목별프로그램매매비차익매도거래대금",""
"F05625","BIGINT(20)","종목별프로그램매매비차익매수거래대금",""
"F05626","BIGINT(20)","종목별프로그램매매비차익순매수거래대금",""
"F05633","BIGINT(20)","종목별프로그램매매매도거래대금",""
"F05634","BIGINT(20)","종목별프로그램매매매수거래대금",""
"F05635","BIGINT(20)","종목별프로그램매매순매수거래대금",""
"F05660","DECIMAL(12,2)","종목별프로그램매매매도거래대금비율",""
"F05661","DECIMAL(12,2)","종목별프로그램매매매수거래대금비율",""
"F05662","DECIMAL(12,2)","종목별프로그램매매순매수거래대금비율",""
"F05669","BIGINT(20)","전체프로그램매매차익매도거래대금",""
"F05670","BIGINT(20)","전체프로그램매매차익매수거래대금",""
"F05671","BIGINT(20)","전체프로그램매매차익순매수거래대금",""
"F05678","BIGINT(20)","전체프로그램매매비차익매도거래대금",""
"F05679","BIGINT(20)","전체프로그램매매비차익매수거래대금",""
"F05680","BIGINT(20)","전체프로그램매매비차익순매수거래대금",""
"F05687","BIGINT(20)","전체프로그램매매매도거래대금",""
"F05688","BIGINT(20)","전체프로그램매매매수거래대금",""
"F05689","BIGINT(20)","전체프로그램매매순매수거래대금",""
"F06001","BIGINT(20)","외국인주문가능수량",""
"F06008","BIGINT(20)","외국인한도수량",""
"F06011","BIGINT(20)","외국인보유주식수",""
"F06012","BIGINT(20)","외국인보유주식수전일대비",""
"F06023","DECIMAL(12,2)","외국인보유율(당일)",""
"F06505_01","INT(11)","종목투자자별매도거래량1","금융투자"
"F06505_02","INT(11)","종목투자자별매도거래량2","보험"
"F06505_03","INT(11)","종목투자자별매도거래량3","투신"
"F06505_04","INT(11)","종목투자자별매도거래량4","은행"
"F06505_05","INT(11)","종목투자자별매도거래량5","기타금융"
"F06505_06","INT(11)","종목투자자별매도거래량6","연금"
"F06505_07","INT(11)","종목투자자별매도거래량7","미분류"
"F06505_08","INT(11)","종목투자자별매도거래량8","기관계"
"F06505_09","INT(11)","종목투자자별매도거래량9","기타법인"
"F06505_10","INT(11)","종목투자자별매도거래량10","개인"
"F06505_11","INT(11)","종목투자자별매도거래량11","외국인"
"F06505_12","INT(11)","종목투자자별매도거래량12","종합계"
"F06505_13","INT(11)","종목투자자별매도거래량13","사모펀드"
"F06505_14","INT(11)","종목투자자별매도거래량14","외인-등록"
"F06505_15","INT(11)","종목투자자별매도거래량15","외인-기타"
"F06505_16","INT(11)","종목투자자별매도거래량16","기타합계"
"F06505_17","INT(11)","종목투자자별매도거래량17","미사용"
"F06505_18","INT(11)","종목투자자별매도거래량18","미사용"
"F06505_19","INT(11)","종목투자자별매도거래량19","미사용"
"F06505_20","INT(11)","종목투자자별매도거래량20","미사용"
"F06507_01","INT(11)","종목투자자별매수거래량1","금융투자"
"F06507_02","INT(11)","종목투자자별매수거래량2","보험"
"F06507_03","INT(11)","종목투자자별매수거래량3","투신"
"F06507_04","INT(11)","종목투자자별매수거래량4","은행"
"F06507_05","INT(11)","종목투자자별매수거래량5","기타금융"
"F06507_06","INT(11)","종목투자자별매수거래량6","연금"
"F06507_07","INT(11)","종목투자자별매수거래량7","미분류"
"F06507_08","INT(11)","종목투자자별매수거래량8","기관계"
"F06507_09","INT(11)","종목투자자별매수거래량9","기타법인"
"F06507_10","INT(11)","종목투자자별매수거래량10","개인"
"F06507_11","INT(11)","종목투자자별매수거래량11","외국인"
"F06507_12","INT(11)","종목투자자별매수거래량12","종합계"
"F06507_13","INT(11)","종목투자자별매수거래량13","사모펀드"
"F06507_14","INT(11)","종목투자자별매수거래량14","외인-등록"
"F06507_15","INT(11)","종목투자자별매수거래량15","외인-기타"
"F06507_16","INT(11)","종목투자자별매수거래량16","기타합계"
"F06507_17","INT(11)","종목투자자별매수거래량17","미사용"
"F06507_18","INT(11)","종목투자자별매수거래량18","미사용"
"F06507_19","INT(11)","종목투자자별매수거래량19","미사용"
"F06507_20","INT(11)","종목투자자별매수거래량20","미사용"
"F06508_01","INT(11)","종목투자자별순매수거래량1","금융투자"
"F06508_02","INT(11)","종목투자자별순매수거래량2","보험"
"F06508_03","INT(11)","종목투자자별순매수거래량3","투신"
"F06508_04","INT(11)","종목투자자별순매수거래량4","은행"
"F06508_05","INT(11)","종목투자자별순매수거래량5","기타금융"
"F06508_06","INT(11)","종목투자자별순매수거래량6","연금"
"F06508_07","INT(11)","종목투자자별순매수거래량7","미분류"
"F06508_08","INT(11)","종목투자자별순매수거래량8","기관계"
"F06508_09","INT(11)","종목투자자별순매수거래량9","기타법인"
"F06508_10","INT(11)","종목투자자별순매수거래량10","개인"
"F06508_11","INT(11)","종목투자자별순매수거래량11","외국인"
"F06508_12","INT(11)","종목투자자별순매수거래량12","종합계"
"F06508_13","INT(11)","종목투자자별순매수거래량13","사모펀드"
"F06508_14","INT(11)","종목투자자별순매수거래량14","외인-등록"
"F06508_15","INT(11)","종목투자자별순매수거래량15","외인-기타"
"F06508_16","INT(11)","종목투자자별순매수거래량16","기타합계"
"F06508_17","INT(11)","종목투자자별순매수거래량17","미사용"
"F06508_18","INT(11)","종목투자자별순매수거래량18","미사용"
"F06508_19","INT(11)","종목투자자별순매수거래량19","미사용"
"F06508_20","INT(11)","종목투자자별순매수거래량20","미사용"
"F06509_01","BIGINT(20)","종목투자자별매도거래대금1","금융투자"
"F06509_02","BIGINT(20)","종목투자자별매도거래대금2","보험"
"F06509_03","BIGINT(20)","종목투자자별매도거래대금3","투신"
"F06509_04","BIGINT(20)","종목투자자별매도거래대금4","은행"
"F06509_05","BIGINT(20)","종목투자자별매도거래대금5","기타금융"
"F06509_06","BIGINT(20)","종목투자자별매도거래대금6","연금"
"F06509_07","BIGINT(20)","종목투자자별매도거래대금7","미분류"
"F06509_08","BIGINT(20)","종목투자자별매도거래대금8","기관계"
"F06509_09","BIGINT(20)","종목투자자별매도거래대금9","기타법인"
"F06509_10","BIGINT(20)","종목투자자별매도거래대금10","개인"
"F06509_11","BIGINT(20)","종목투자자별매도거래대금11","외국인"
"F06509_12","BIGINT(20)","종목투자자별매도거래대금12","종합계"
"F06509_13","BIGINT(20)","종목투자자별매도거래대금13","사모펀드"
"F06509_14","BIGINT(20)","종목투자자별매도거래대금14","외인-등록"
"F06509_15","BIGINT(20)","종목투자자별매도거래대금15","외인-기타"
"F06509_16","BIGINT(20)","종목투자자별매도거래대금16","기타합계"
"F06509_17","BIGINT(20)","종목투자자별매도거래대금17","미사용"
"F06509_18","BIGINT(20)","종목투자자별매도거래대금18","미사용"
"F06509_19","BIGINT(20)","종목투자자별매도거래대금19","미사용"
"F06509_20","BIGINT(20)","종목투자자별매도거래대금20","미사용"
"F06510_01","BIGINT(20)","종목투자자별매수거래대금1","금융투자"
"F06510_02","BIGINT(20)","종목투자자별매수거래대금2","보험"
"F06510_03","BIGINT(20)","종목투자자별매수거래대금3","투신"
"F06510_04","BIGINT(20)","종목투자자별매수거래대금4","은행"
"F06510_05","BIGINT(20)","종목투자자별매수거래대금5","기타금융"
"F06510_06","BIGINT(20)","종목투자자별매수거래대금6","연금"
"F06510_07","BIGINT(20)","종목투자자별매수거래대금7","미분류"
"F06510_08","BIGINT(20)","종목투자자별매수거래대금8","기관계"
"F06510_09","BIGINT(20)","종목투자자별매수거래대금9","기타법인"
"F06510_10","BIGINT(20)","종목투자자별매수거래대금10","개인"
"F06510_11","BIGINT(20)","종목투자자별매수거래대금11","외국인"
"F06510_12","BIGINT(20)","종목투자자별매수거래대금12","종합계"
"F06510_13","BIGINT(20)","종목투자자별매수거래대금13","사모펀드"
"F06510_14","BIGINT(20)","종목투자자별매수거래대금14","외인-등록"
"F06510_15","BIGINT(20)","종목투자자별매수거래대금15","외인-기타"
"F06510_16","BIGINT(20)","종목투자자별매수거래대금16","기타합계"
"F06510_17","BIGINT(20)","종목투자자별매수거래대금17","미사용"
"F06510_18","BIGINT(20)","종목투자자별매수거래대금18","미사용"
"F06510_19","BIGINT(20)","종목투자자별매수거래대금19","미사용"
"F06510_20","BIGINT(20)","종목투자자별매수거래대금20","미사용"
"F06511_01","BIGINT(20)","종목투자자별순매수거래대금1","금융투자"
"F06511_02","BIGINT(20)","종목투자자별순매수거래대금2","보험"
"F06511_03","BIGINT(20)","종목투자자별순매수거래대금3","투신"
"F06511_04","BIGINT(20)","종목투자자별순매수거래대금4","은행"
"F06511_05","BIGINT(20)","종목투자자별순매수거래대금5","기타금융"
"F06511_06","BIGINT(20)","종목투자자별순매수거래대금6","연금"
"F06511_07","BIGINT(20)","종목투자자별순매수거래대금7","미분류"
"F06511_08","BIGINT(20)","종목투자자별순매수거래대금8","기관계"
"F06511_09","BIGINT(20)","종목투자자별순매수거래대금9","기타법인"
"F06511_10","BIGINT(20)","종목투자자별순매수거래대금10","개인"
"F06511_11","BIGINT(20)","종목투자자별순매수거래대금11","외국인"
"F06511_12","BIGINT(20)","종목투자자별순매수거래대금12","종합계"
"F06511_13","BIGINT(20)","종목투자자별순매수거래대금13","사모펀드"
"F06511_14","BIGINT(20)","종목투자자별순매수거래대금14","외인-등록"
"F06511_15","BIGINT(20)","종목투자자별순매수거래대금15","외인-기타"
"F06511_16","BIGINT(20)","종목투자자별순매수거래대금16","기타합계"
"F06511_17","BIGINT(20)","종목투자자별순매수거래대금17","미사용"
"F06511_18","BIGINT(20)","종목투자자별순매수거래대금18","미사용"
"F06511_19","BIGINT(20)","종목투자자별순매수거래대금19","미사용"
"F06511_20","BIGINT(20)","종목투자자별순매수거래대금20","미사용"
"F06520_01","INT(11)","시장투자자별콜순매수수량1","금융투자"
"F06520_02","INT(11)","시장투자자별콜순매수수량2","보험"
"F06520_03","INT(11)","시장투자자별콜순매수수량3","투신"
"F06520_04","INT(11)","시장투자자별콜순매수수량4","은행"
"F06520_05","INT(11)","시장투자자별콜순매수수량5","기타금융"
"F06520_06","INT(11)","시장투자자별콜순매수수량6","연금"
"F06520_07","INT(11)","시장투자자별콜순매수수량7","미분류"
"F06520_08","INT(11)","시장투자자별콜순매수수량8","기관계"
"F06520_09","INT(11)","시장투자자별콜순매수수량9","기타법인"
"F06520_10","INT(11)","시장투자자별콜순매수수량10","개인"
"F06520_11","INT(11)","시장투자자별콜순매수수량11","외국인"
"F06520_12","INT(11)","시장투자자별콜순매수수량12","종합계"
"F06520_13","INT(11)","시장투자자별콜순매수수량13","사모펀드"
"F06520_14","INT(11)","시장투자자별콜순매수수량14","외인-등록"
"F06520_15","INT(11)","시장투자자별콜순매수수량15","외인-기타"
"F06520_16","INT(11)","시장투자자별콜순매수수량16","기타합계"
"F06520_17","INT(11)","시장투자자별콜순매수수량17","미사용"
"F06520_18","INT(11)","시장투자자별콜순매수수량18","미사용"
"F06520_19","INT(11)","시장투자자별콜순매수수량19","미사용"
"F06520_20","INT(11)","시장투자자별콜순매수수량20","미사용"
"F06523_01","BIGINT(20)","시장투자자별콜순매수금액1","금융투자"
"F06523_02","BIGINT(20)","시장투자자별콜순매수금액2","보험"
"F06523_03","BIGINT(20)","시장투자자별콜순매수금액3","투신"
"F06523_04","BIGINT(20)","시장투자자별콜순매수금액4","은행"
"F06523_05","BIGINT(20)","시장투자자별콜순매수금액5","기타금융"
"F06523_06","BIGINT(20)","시장투자자별콜순매수금액6","연금"
"F06523_07","BIGINT(20)","시장투자자별콜순매수금액7","미분류"
"F06523_08","BIGINT(20)","시장투자자별콜순매수금액8","기관계"
"F06523_09","BIGINT(20)","시장투자자별콜순매수금액9","기타법인"
"F06523_10","BIGINT(20)","시장투자자별콜순매수금액10","개인"
"F06523_11","BIGINT(20)","시장투자자별콜순매수금액11","외국인"
"F06523_12","BIGINT(20)","시장투자자별콜순매수금액12","종합계"
"F06523_13","BIGINT(20)","시장투자자별콜순매수금액13","사모펀드"
"F06523_14","BIGINT(20)","시장투자자별콜순매수금액14","외인-등록"
"F06523_15","BIGINT(20)","시장투자자별콜순매수금액15","외인-기타"
"F06523_16","BIGINT(20)","시장투자자별콜순매수금액16","기타합계"
"F06523_17","BIGINT(20)","시장투자자별콜순매수금액17","미사용"
"F06523_18","BIGINT(20)","시장투자자별콜순매수금액18","미사용"
"F06523_19","BIGINT(20)","시장투자자별콜순매수금액19","미사용"
"F06523_20","BIGINT(20)","시장투자자별콜순매수금액20","미사용"
"F06532_01","INT(11)","시장투자자별풋순매수수량1","금융투자"
"F06532_02","INT(11)","시장투자자별풋순매수수량2","보험"
"F06532_03","INT(11)","시장투자자별풋순매수수량3","투신"
"F06532_04","INT(11)","시장투자자별풋순매수수량4","은행"
"F06532_05","INT(11)","시장투자자별풋순매수수량5","기타금융"
"F06532_06","INT(11)","시장투자자별풋순매수수량6","연금"
"F06532_07","INT(11)","시장투자자별풋순매수수량7","미분류"
"F06532_08","INT(11)","시장투자자별풋순매수수량8","기관계"
"F06532_09","INT(11)","시장투자자별풋순매수수량9","기타법인"
"F06532_10","INT(11)","시장투자자별풋순매수수량10","개인"
"F06532_11","INT(11)","시장투자자별풋순매수수량11","외국인"
"F06532_12","INT(11)","시장투자자별풋순매수수량12","종합계"
"F06532_13","INT(11)","시장투자자별풋순매수수량13","사모펀드"
"F06532_14","INT(11)","시장투자자별풋순매수수량14","외인-등록"
"F06532_15","INT(11)","시장투자자별풋순매수수량15","외인-기타"
"F06532_16","INT(11)","시장투자자별풋순매수수량16","기타합계"
"F06532_17","INT(11)","시장투자자별풋순매수수량17","미사용"
"F06532_18","INT(11)","시장투자자별풋순매수수량18","미사용"
"F06532_19","INT(11)","시장투자자별풋순매수수량19","미사용"
"F06532_20","INT(11)","시장투자자별풋순매수수량20","미사용"
"F06535_01","BIGINT(20)","시장투자자별풋순매수금액1","금융투자"
"F06535_02","BIGINT(20)","시장투자자별풋순매수금액2","보험"
"F06535_03","BIGINT(20)","시장투자자별풋순매수금액3","투신"
"F06535_04","BIGINT(20)","시장투자자별풋순매수금액4","은행"
"F06535_05","BIGINT(20)","시장투자자별풋순매수금액5","기타금융"
"F06535_06","BIGINT(20)","시장투자자별풋순매수금액6","연금"
"F06535_07","BIGINT(20)","시장투자자별풋순매수금액7","미분류"
"F06535_08","BIGINT(20)","시장투자자별풋순매수금액8","기관계"
"F06535_09","BIGINT(20)","시장투자자별풋순매수금액9","기타법인"
"F06535_10","BIGINT(20)","시장투자자별풋순매수금액10","개인"
"F06535_11","BIGINT(20)","시장투자자별풋순매수금액11","외국인"
"F06535_12","BIGINT(20)","시장투자자별풋순매수금액12","종합계"
"F06535_13","BIGINT(20)","시장투자자별풋순매수금액13","사모펀드"
"F06535_14","BIGINT(20)","시장투자자별풋순매수금액14","외인-등록"
"F06535_15","BIGINT(20)","시장투자자별풋순매수금액15","외인-기타"
"F06535_16","BIGINT(20)","시장투자자별풋순매수금액16","기타합계"
"F06535_17","BIGINT(20)","시장투자자별풋순매수금액17","미사용"
"F06535_18","BIGINT(20)","시장투자자별풋순매수금액18","미사용"
"F06535_19","BIGINT(20)","시장투자자별풋순매수금액19","미사용"
"F06535_20","BIGINT(20)","시장투자자별풋순매수금액20","미사용"
"F08001","INT","상한종목수",""
"F08002","INT","상승종목수",""
"F08003","INT","하한종목수",""
"F08004","INT","하락종목수",""
"F08005","INT","보합종목수",""
"F08029","INT","당일종목수",""
"F09009","NUMERIC(11,3)","대용가",""
"F09011","NUMERIC(8,3)","적용수익률_채권종목시가(KIS)",""
"F09012","NUMERIC(8,2)","적용단가_채권종목시가(KIS)",""
"F09013","NUMERIC(8,3)","적용수익률_채권종목시가(NICE)",""
"F09014","NUMERIC(8,2)","적용단가_채권종목시가(NICE)",""
"F09015","NUMERIC(8,3)","적용수익률_채권종목시가(한국채권평가)",""
"F09016","NUMERIC(8,2)","적용단가_채권종목시가(한국채권평가)",""
"F09029","DECIMAL(20,6)","기준수익률3월",""
"F09030","DECIMAL(20,6)","기준수익률6월",""
"F09031","DECIMAL(20,6)","기준수익률9월",""
"F09032","DECIMAL(20,6)","기준수익률1년",""
"F09033","DECIMAL(20,6)","기준수익률1년6월",""
"F09034","DECIMAL(20,6)","기준수익률2년",""
"F09035","DECIMAL(20,6)","기준수익률2년6월",""
"F09036","DECIMAL(20,6)","기준수익률3년",""
"F09037","DECIMAL(20,6)","기준수익률4년",""
"F09038","DECIMAL(20,6)","기준수익률5년",""
"F09039","DECIMAL(20,6)","기준수익률7년",""
"F09040","DECIMAL(20,6)","기준수익률10년",""
"F09041","DECIMAL(20,6)","기준수익률20년",""
"F09056","VARCHAR(10)","KIS시가평가그룹코드",""
"F09078","VARCHAR(10)","NICE시가평가그룹코드",""
"F09100","VARCHAR(10)","한국시가평가그룹코드",""
"F09125","DECIMAL(12,3)","적용수익률_채권종목시가(3사평균)",""
"F09126","NUMERIC(8,2)","적용단가_채권종목시가(3사평균)",""
"F09196","NUMERIC(8,2)","한국CleanPrice",""
"F09197","DECIMAL(20,6)","기준수익률15년",""
"F09204","DECIMAL(20,6)","기준수익률30년",""
"F09211","NUMERIC(8,2)","FNCleanPrice",""
"F09212","DECIMAL(20,6)","기준수익률50년",""
"F09313","NUMERIC(8,2)","적용단가_채권종목시가(FN자산평가)",""
"F09314","NUMERIC(8,3)","적용수익률_채권종목시가(FN자산평가)",""
"F09316","VARCHAR(10)","FN시가평가그룹코드",""
"F09339","NUMERIC(8,2)","적용단가_채권종목시가(4사평균)",""
"F09340","NUMERIC(8,3)","적용수익률_채권종목시가(4사평균)",""
"F09503","DECIMAL(20,6)","PPC100_채권시장위험",""
"F09505","DECIMAL(12,6)","수정듀레이션_채권시장위험",""
"F10501","DECIMAL(12,2)","시장스프레드",""
"F10506","DECIMAL(12,2)","이론스프레드",""
"F11007","INT","한국일자",""
"F11008","INT","한국시각",""
"F11011","INT","현지일자",""
"F11012","INT","현지시각",""
"F11504","INT","장시간",""
"F11519","SMALLINT(6)","만기일(결제일구분)",""
"F12030","DECIMAL(12,2)","평균만기_콜시간대통계",""
"F12506","INT","입회일",""
"F12506	","NUMERIC(10)","입회일자 ",""
"F13045","BIGINT(20)","당기순이익",""
"F13048","DECIMAL(12,4)","주당순이익(재무정보)",""
"F13049","DECIMAL(12,2)","주당순이익(전기EPS)",""
"F13051","DECIMAL(12,2)","주당순자산(BPS)",""
"F13052","DECIMAL(12,2)","주당현금흐름(CPS)",""
"F13053","DECIMAL(12,2)","주당매출액(SPS)",""
"F13058","DECIMAL(12,2)","전기PER",""
"F13059","DECIMAL(12,2)","PBR",""
"F13060","DECIMAL(12,2)","PCR",""
"F13061","DECIMAL(12,2)","PSR",""
"F13102","DECIMAL(12,2)","배당수익률(시가)",""
"F13509","BIGINT(20)","거래량20일이동평균",""
"F13722","INT(11)","4일종가",""
"F14076","INT","융자잔고금액",""
"F14077","INT","대주잔고금액",""
"F14080","INT","융자잔고량",""
"F14081","INT","대주잔고량",""
"F14090","INT(11)","신용융자잔고수량",""
"F14091","DECIMAL(12,2)","신용융자잔고비율",""
"F14131","NUMERIC(3)","만기구분",""
"F14212","INT","대차잔고량",""
"F14213","INT","대차잔고금액",""
"F14214","INT","대차잔고량전일대비",""
"F14215","INT","대차잔고금액전일대비",""
"F14216","NUMERIC(18)","대차잔고비율(상장주식수_종목)",""
"F14217","DECIMAL(12,2)","대차잔고비율(시가총액_업종)",""
"F14218","INT","융자잔고량전일대비",""
"F14219","INT","융자잔고금액전일대비",""
"F14220","DECIMAL(12,2)","신용융자잔고비율(시가총액_업종)",""
"F14221","INT","대주잔고량전일대비",""
"F14222","INT","대주잔고금액전일대비",""
"F14224","DECIMAL(12,2)","대주잔고율(시가총액_업종)",""
"F14501","INT","매도호가1",""
"F14502","INT","매도호가2",""
"F14503","INT","매도호가3",""
"F14504","INT","매도호가4",""
"F14505","INT","매도호가5",""
"F14506","INT","매도호가6",""
"F14507","INT","매도호가7",""
"F14508","INT","매도호가8",""
"F14509","INT","매도호가9",""
"F14510","INT","매도호가10",""
"F14511","INT","매도호가잔량1",""
"F14512","INT","매도호가잔량2",""
"F14513","INT","매도호가잔량3",""
"F14514","INT","매도호가잔량4",""
"F14515","INT","매도호가잔량5",""
"F14516","INT","매도호가잔량6",""
"F14517","INT","매도호가잔량7",""
"F14518","INT","매도호가잔량8",""
"F14519","INT","매도호가잔량9",""
"F14520","INT","매도호가잔량10",""
"F14531","INT","매수호가1",""
"F14532","INT","매수호가2",""
"F14533","INT","매수호가3",""
"F14534","INT","매수호가4",""
"F14535","INT","매수호가5",""
"F14536","INT","매수호가6",""
"F14537","INT","매수호가7",""
"F14538","INT","매수호가8",""
"F14539","INT","매수호가9",""
"F14540","INT","매수호가10",""
"F14541","INT","매수호가잔량1",""
"F14542","INT","매수호가잔량2",""
"F14543","INT","매수호가잔량3",""
"F14544","INT","매수호가잔량4",""
"F14545","INT","매수호가잔량5",""
"F14546","INT","매수호가잔량6",""
"F14547","INT","매수호가잔량7",""
"F14548","INT","매수호가잔량8",""
"F14549","INT","매수호가잔량9",""
"F14550","INT","매수호가잔량10",""
"F14561","INT","매도총잔량",""
"F14563","INT","매수총잔량",""
"F14565","INT","매도10단계호가잔량합",""
"F14566","INT","매도10단계호가잔량합직전대비",""
"F14567","INT","매수10단계호가잔량합",""
"F14568","INT","매수10단계호가잔량합직전대비",""
"F14575","INT","시간외매도호가잔량",""
"F14577","INT","시간외매수호가잔량",""
"F14659","INT","호가시간",""
"F14664","DECIMAL(12,3)","매도수익율1",""
"F14665","DECIMAL(12,3)","매도수익율2",""
"F14666","DECIMAL(12,3)","매도수익율3",""
"F14667","DECIMAL(12,3)","매도수익율4",""
"F14668","DECIMAL(12,3)","매도수익율5",""
"F14669","DECIMAL(12,3)","매수수익율1",""
"F14670","DECIMAL(12,3)","매수수익율2",""
"F14671","DECIMAL(12,3)","매수수익율3",""
"F14672","DECIMAL(12,3)","매수수익율4",""
"F14673","DECIMAL(12,3)","매수수익율5",""
"F14697"," DECIMAL(12,4)","IRS_매도호가전일대비",""
"F14701"," DECIMAL(12,4)","IRS_매수호가전일대비",""
"F14709","CHAR(2)","결제일구분",""
"F14716","INT(11)","결제일",""
"F14729","CHAR(2)","유통시장종류","(11:국채,12:소액,13:주식,14:RP,19:일반,29:KOTC,27:SMBS,31:KMB,32:KIDB,46:MSGBOND)"
"F14731","INT","호가최종입력시간",""
"F14734","CHAR(4)","콜중개사_콜체결",""
"F14736","INT(11)","만기_콜체결",""
"F14737","INT(11)","신용구분_콜체결",""
"F14738","INT(11)","자금유형_콜체결",""
"F14744","INT","거래일_스왑종목호가",""
"F14756","DECIMAL(12,2)","매수호가전일대비",""
"F14763","DECIMAL(12,2)","중간호가",""
"F14779"," DECIMAL(12,4)","IRS_매도호가",""
"F14780"," DECIMAL(12,4)","IRS_매수호가",""
"F14781"," DECIMAL(12,4)","IRS_중간호가",""
"F14789"," DECIMAL(12,4)","CRS_매도호가",""
"F14790"," DECIMAL(12,4)","CRS_매수호가",""
"F14791"," DECIMAL(12,4)","CRS_중간호가",""
"F14802"," DECIMAL(12,4)","CRS_매도호가전일대비",""
"F14806"," DECIMAL(12,4)","CRS_매수호가전일대비",""
"F14853","INT","동시호가(예상체결)시간",""
"F14925"," DECIMAL(12,4)","IRS_중간호가전일대비",""
"F14926"," DECIMAL(12,4)","CRS_중간호가전일대비",""
"F15001","INT","현재가",""
"F15001	","NUMERIC(10)","현재가 ",""
"F15002","DECIMAL(12,2)","전일종가대비",""
"F15003","DECIMAL(12,2)","기준가대비",""
"F15004","DECIMAL(12,2)","등락율",""
"F15006","INT","등락구분","1:상한/2:상승/3:보합/4:하한/5:하락/6:기세상한/7:기세상승/8:기세하한/9:기세하락"
"F15007","INT","기준가",""
"F15009","INT","시가",""
"F15010","INT","고가",""
"F15011","INT","저가",""
"F15015","INT","거래량",""
"F15015	","NUMERIC(19)","거래량 ",""
"F15019","INT","체결시간","장마감:31000000/시간외마감:41000000/장전:51000000/장중:61000000/장후:71000000/단일가:80000000/단일가마감:81000000"
"F15020","INT","체결량",""
"F15021","INT","체결대금",""
"F15022","INT","체결성향","1:B/2:BB/4:S/5:SS/9:대량/10:바스켓/11:신고대량/27:경매매"
"F15023","INT","거래대금",""
"F15023	","NUMERIC(19)","거래대금 ",""
"F15028","INT","시가총액",""
"F15037","INT","VWAP",""
"F15041	","NUMERIC(19)","시간외종가거래량 ",""
"F15085	","NUMERIC(19)","장마감시간외대량매매거래량 ",""
"F15101","INT","미결제약정수량",""
"F15130","INT(11)","체결번호",""
"F15140","DECIMAL(6,2)","시간가치",""
"F15141","DECIMAL(6,2)","내재가치",""
"F15155","NUMERIC(1)","정리매매구분(0:정상/1:정리매매)",""
"F15156","INT","체결구분",""
"F15173","INT","수익률등락구분",""
"F15174","DECIMAL(12,2)","평균가격",""
"F15175","DECIMAL(12,3)","수익률",""
"F15176","INT","예상체결가",""
"F15180","DECIMAL(12,3)","수익률대비",""
"F15183","DECIMAL(12,2)","당일매매기준율",""
"F15187","DECIMAL(12,3)","시가수익율",""
"F15188","DECIMAL(12,3)","고가수익율",""
"F15189","DECIMAL(12,3)","저가수익율",""
"F15190","DECIMAL(12,3)","직전수익율",""
"F15191","DECIMAL(12,3)","직전수익율대비",""
"F15192","DECIMAL(20,3)","거래대금가중평균수익율",""
"F15211","INT(11)","체결일자",""
"F15230	","NUMERIC(20)","장마감바스켓매매거래량  ",""
"F15247","INT(11)","매도매수구분",""
"F15266","INT(11)","최종결제시간",""
"F15276","CHAR(2)","론기관(중개사)_콜체결",""
"F15277","CHAR(2)","머니기관(중개사)_콜체결",""
"F15278","CHAR(2)","론기관(증권전산)_콜체결",""
"F15279","CHAR(2)","머니기관(증권전산)_콜체결",""
"F15280","BIGINT(20)","거래대금가중수익율합",""
"F15291","SMALLINT(6)","시세구분","(1:수익률/2:가격)"
"F15292	","NUMERIC(19)","정규시장누계거래량 ",""
"F15301","DECIMAL(12,2)","ETP지표가치(NAV/IV)",""
"F15302","DECIMAL(12,2)","추적오차율",""
"F15303","DECIMAL(12,2)","ETP장중지표가치(iNAV/iIV)대비",""
"F15304","DECIMAL(12,2)","ETP괴리율",""
"F15305","DECIMAL(12,2)","ETP괴리도",""
"F15306","INT","미결제량전일대비",""
"F15308","INT","예상체결량",""
"F15309","INT","예상거래량",""
"F15310","INT","예상체결기준가대비",""
"F15311","INT","예상체결등락구분","1:상한/2:상승/3:보합/4:하한/5:하락/6:기세상한/7:기세상승/8:기세하한/9:기세하락"
"F15312","INT","예상체결동시구분","0:초기/1:동시/2:접속/3:시간외단일가동시/4:시간외단일접속/5:BuyIn동시/6:BuyIn접속"
"F15313","INT","현재/예상체결가",""
"F15314","INT","현재/예상체결량",""
"F15315","INT","현재/예상거래량(9시거래량합산)",""
"F15316","INT","현재/예상체결기준가대비",""
"F15317","INT","현재/예상체결등락구분","1:상한/2:상승/3:보합/4:하한/5:하락/6:기세상한/7:기세상승/8:기세하한/9:기세하락/69:예상체결"
"F15318","DECIMAL(20,4)","ETP기초지수현재가",""
"F15319","DECIMAL(12,4)","ETP기초지수기준대비",""
"F15321","DECIMAL(12,2)","예상체결등락률",""
"F15326","DECIMAL(12,2)","현재/예상체결등락률",""
"F15334","SMALLINT(6)","장외FB시세처리구분","(0:일반,1:이상호가SKIP,2:10억미만)"
"F15472","INT","대비",""
"F15473","DECIMAL(12,2)","전일종가등락율",""
"F15476","MEDIUMINT(9)","매매일구분",""
"F15479","DECIMAL(12,2)","최근일종가대비",""
"F15480","DECIMAL(12,3)","최근일종수익율대비",""
"F15602","DECIMAL(12,2)","ETP장중지표가치(iNAV/iIV)",""
"F15631","DECIMAL(12,4)","ETP지표가치_로그수익률",""
"F15632","DECIMAL(12,4)","ETP_BM로그수익률",""
"F16002","CHAR","한글종목명",""
"F16003","CHAR(40)","한글종목약명",""
"F16004","CHAR","영문종목명",""
"F16005","CHAR(40)","영문종목약명",""
"F16012","CHAR(12)","국제표준코드",""
"F16013","INT","단축코드",""
"F16013	","CHAR(6)","단축코드 ",""
"F16017","INT(11)","상장일",""
"F16027","MEDIUMINT(9)","지수업종(중)",""
"F16028","MEDIUMINT(9)","지수업종(소)",""
"F16046","INT(11)","액면가",""
"F16052","BIGINT(20)","자본금",""
"F16053","DECIMAL(12,4)","배당금",""
"F16058","BIGINT(20)","발행주식수(보통주)",""
"F16060","BIGINT(20)","발행주식수(우선주)",""
"F16072","SMALLINT(6)","기준가발생여부","(0:전일종가1:기준가)"
"F16073","CHAR(2)","락구분","00:해당사항없음,01:권리락,02:배당락,03:분배락,04:권배락,05:중간배당락,06:권리중간배당락,07:권리분기배당락,99:기타"
"F16077","SMALLINT(6)","매매구분","(0:정상1:신규상장2:관리지정3:관리해제4:정리매매5:30일이상_정지후재개6:시가기준가산출)"
"F16085","DECIMAL(12,2)","주당배당금",""
"F16117","INT(11)","상한가",""
"F16118","INT(11)","하한가",""
"F16131","INT","결산일",""
"F16143","INT","상장주식수",""
"F16163","INT","잔존일수",""
"F16166","CHAR(60)","기초자산영문명",""
"F16169","CHAR","최근월물구분","Y:최근월물/N:else"
"F16173","DECIMAL(12,2)","이론가CD금리",""
"F16175","INT","최종거래일",""
"F16188","DECIMAL(12,2)","이론가",""
"F16189","INT","만기년월",""
"F16190","DECIMAL(20,2)","행사가격",""
"F16195","DECIMAL(20,2)","역사적내재변동성",""
"F16198","INT","옵션종류(2:CALL/3:PUT)",""
"F16199","INT","ATM구분",""
"F16220","CHAR","기초자산코드",""
"F16221","CHAR","기초자산명",""
"F16228","INT","만기일",""
"F16239","VARCHAR(6)","발행기관코드(표준)_채권발행기관",""
"F16241","CHAR(8)","발행일",""
"F16242","NUMERIC(21,3)","상장금액",""
"F16251","CHAR(7)","신용그룹코드",""
"F16253","NUMERIC(4)","채권종류",""
"F16257","CHAR(16)","ETP기초지수코드",""
"F16258","INT(11)","ETN만기날짜",""
"F16261","INT(10)","신용그룹대분류코드",""
"F16262","INT(10)","신용그룹중분류코드",""
"F16263","INT(11)","KRX채권대분류코드",""
"F16264","INT(11)","KRX채권중분류코드",""
"F16265","INT(11)","채권종류대분류",""
"F16266","INT(11)","채권종류중분류",""
"F16268","VARCHAR(60)","발행기관명",""
"F16288","CHAR","거래소구분","1:NASDAQ/5:NYSE/6:AMEX/이후리딩11:ARCA/12:OTC/13:PINK/20:홍콩/21:상해/22:심천"
"F16316","CHAR(20)","구성종목코드1",""
"F16342","CHAR(3)","종류코드_채권장내종류",""
"F16347","NUMERIC(2)","시가평가사기관코드","1 : NICE, 2 : KIS, 3 : KAP, 5 : FNP, 6 : 민평3사 , 7 : 민평4사"
"F16348","CHAR","시가평가그룹코드",""
"F16357","NUMERIC(10)","코스콤회사코드",""
"F16358","CHAR(5)","발행기관코드(거래소)_채권발행기관",""
"F16361","NUMERIC(4)","코드_채권금융기관",""
"F16378","CHAR(1)","크라우드펀딩여부(Y/N)",""
"F16379","NUMERIC(6)","잔존_년월일","101010 : (10년 10개월 10일)"
"F16380","MEDIUMINT(9)","잔존기간종류_채권종목",""
"F16381","NUMERIC(1)","매출형태_채권종목",""
"F16382","CHAR(8)","선매출일_채권종목",""
"F16383","NUMERIC(1)","선매출이자계산유형_채권종목",""
"F16384","NUMERIC(21,3)","발행금액_채권종목",""
"F16385","NUMERIC(12,6)","발행율_채권종목",""
"F16386","NUMERIC(1)","상장구분_채권종목",""
"F16387","NUMERIC(12,6)","원금상환비율_채권종목",""
"F16388","NUMERIC(12,6)","만기보장수익률_채권종목",""
"F16389","CHAR(8)","만기보장수익률적용일_채권종목",""
"F16390","NUMERIC(12,6)","추가수익률_채권종목",""
"F16391","CHAR(8)","추가수익률적용일_채권종목",""
"F16392","NUMERIC(13,5)","발행금리",""
"F16393","NUMERIC(3)","이자지급방법_채권종목",""
"F16394","NUMERIC(3)","이자계산단위개월수_채권종목",""
"F16395","NUMERIC(1)","이자선후구분_채권종목",""
"F16396","NUMERIC(2)","이자단위택일구분_채권종목",""
"F16397","NUMERIC(1)","만기원리금처리구분_증권전산_채권종목",""
"F16398","NUMERIC(1)","이자원단위미만처리구분_거래소_채권종목",""
"F16399","NUMERIC(1)","원천징수구분_채권종목",""
"F16401","NUMERIC(1)","보증형태_채권종목",""
"F16402","NUMERIC(12,6)","보증율_채권종목",""
"F16403","NUMERIC(11,3)","대용가POINT_채권종목",""
"F16404","NUMERIC(1)","세금구분_채권종목",""
"F16405","NUMERIC(1)","기명구분_채권종목",""
"F16406","NUMERIC(1)","주식관련사채구분_채권종목",""
"F16407","NUMERIC(1)","후순위구분_채권종목",""
"F16408","NUMERIC(1)","분할상환채권구분_채권종목",""
"F16409","NUMERIC(1)","사모구분_채권종목",""
"F16411","NUMERIC(1)","외화표시채권통화구분_채권종목",""
"F16413","NUMERIC(2)","자산유동화종류_채권종목",""
"F16414","NUMERIC(1)","중도상환옵션구분_채권종목",""
"F16415","NUMERIC(1)","변동금리부채권구분_채권종목",""
"F16416","NUMERIC(1)","은행휴무일지급방법(이자)(구:토요원리금지급방식구분)",""
"F16417","NUMERIC(2)","주식권리구분_주식채권",""
"F16418","CHAR(12)","전환대상주식코드_12자리_주식채권",""
"F16419","VARCHAR(9)","전환대상주식코드_6자리_주식채권",""
"F16420","VARCHAR(60)","전환대상종목명_주식채권",""
"F16421","CHAR(8)","권리행사개시일_주식채권",""
"F16422","CHAR(8)","권리행사종료일_주식채권",""
"F16423","CHAR(8)","배당기산일_주식채권",""
"F16424","NUMERIC(1)","배당기산구분_주식채권",""
"F16425","NUMERIC(6,2)","권리행사비율_주식채권",""
"F16426","NUMERIC(20,3)","권리행사가격_주식채권",""
"F16427","NUMERIC(1)","이익참가권누적여부_주식채권",""
"F16428","CHAR(12)","신주인수권행사후종목_주식채권",""
"F16431","NUMERIC(4)","기준금리유형_FRN",""
"F16432","NUMERIC(13,5)","기준금리상한_FRN",""
"F16433","NUMERIC(13,5)","기준금리하한_FRN",""
"F16434","NUMERIC(9,5)","가산금리_FRN",""
"F16436","NUMERIC(1)","종류_중도상환채",""
"F16437","CHAR(8)","call행사개시일1차_중도상환채",""
"F16438","CHAR(8)","call행사종료일1차_중도상환채",""
"F16439","CHAR(8)","call행사개시일2차_중도상환채",""
"F16440","CHAR(8)","call행사종료일2차_중도상환채",""
"F16441","CHAR(8)","put행사개시일1차_중도상환채",""
"F16442","CHAR(8)","put행사종료일1차_중도상환채",""
"F16443","CHAR(8)","put행사개시일2차_중도상환채",""
"F16444","CHAR(8)","put행사종료일2차_중도상환채",""
"F16446","NUMERIC(8)","원금거치기간_분할상환채",""
"F16447","NUMERIC(5)","분할상환횟수_분할상환채",""
"F16448","NUMERIC(4)","분할상환단위기간개월수_분할상환채",""
"F16449","NUMERIC(21,3)","균등상환액_분할상환채",""
"F16453","NUMERIC(20,8)","원리금지급액_채권현금흐름",""
"F16455","NUMERIC(2)","이자율확정Bit","(0:확정아님,1:확정)"
"F16463","NUMERIC(2)","지표종목구분","(0:선매출, 1:지표)"
"F16464","SMALLINT(6)","매매거래중단여부_국채시장종목",""
"F16465","CHAR(3)","매매거래중단사유_국채시장종목",""
"F16476","DECIMAL(12,2)","기준가_국채시장종목",""
"F16482","CHAR(3)","종류코드_소액시장종목(당월)",""
"F16483","CHAR(2)","REPO분류코드",""
"F16492","CHAR","중계사명_국내외환",""
"F16493","SMALLINT(6)","ETP상품구분코드","(1:ETF(투자회사형),2:ETF(수익증권형),3:ETN,4:손실제한형ETN)"
"F16499","INT(11)","ETF_CU구성단위",""
"F16500","INT(11)","전일ETF순자산총액(백만)",""
"F16604","INT","종목별저장일련번호",""
"F17968_01","INT(11)","시장투자자별SPREAD제외순매수수량1","금융투자"
"F17968_02","INT(11)","시장투자자별SPREAD제외순매수수량2","보험"
"F17968_03","INT(11)","시장투자자별SPREAD제외순매수수량3","투신"
"F17968_04","INT(11)","시장투자자별SPREAD제외순매수수량4","은행"
"F17968_05","INT(11)","시장투자자별SPREAD제외순매수수량5","기타금융"
"F17968_06","INT(11)","시장투자자별SPREAD제외순매수수량6","연금"
"F17968_07","INT(11)","시장투자자별SPREAD제외순매수수량7","미분류"
"F17968_08","INT(11)","시장투자자별SPREAD제외순매수수량8","기관계"
"F17968_09","INT(11)","시장투자자별SPREAD제외순매수수량9","기타법인"
"F17968_10","INT(11)","시장투자자별SPREAD제외순매수수량10","개인"
"F17968_11","INT(11)","시장투자자별SPREAD제외순매수수량11","외국인"
"F17968_12","INT(11)","시장투자자별SPREAD제외순매수수량12","종합계"
"F17968_13","INT(11)","시장투자자별SPREAD제외순매수수량13","사모펀드"
"F17968_14","INT(11)","시장투자자별SPREAD제외순매수수량14","외인-등록"
"F17968_15","INT(11)","시장투자자별SPREAD제외순매수수량15","외인-기타"
"F17968_16","INT(11)","시장투자자별SPREAD제외순매수수량16","기타합계"
"F17968_17","INT(11)","시장투자자별SPREAD제외순매수수량17","미사용"
"F17968_18","INT(11)","시장투자자별SPREAD제외순매수수량18","미사용"
"F17968_19","INT(11)","시장투자자별SPREAD제외순매수수량19","미사용"
"F17968_20","INT(11)","시장투자자별SPREAD제외순매수수량20","미사용"
"F17971_01","BIGINT(20)","시장투자자별SPREAD제외자순매수금액1","금융투자"
"F17971_02","BIGINT(20)","시장투자자별SPREAD제외자순매수금액2","보험"
"F17971_03","BIGINT(20)","시장투자자별SPREAD제외자순매수금액3","투신"
"F17971_04","BIGINT(20)","시장투자자별SPREAD제외자순매수금액4","은행"
"F17971_05","BIGINT(20)","시장투자자별SPREAD제외자순매수금액5","기타금융"
"F17971_06","BIGINT(20)","시장투자자별SPREAD제외자순매수금액6","연금"
"F17971_07","BIGINT(20)","시장투자자별SPREAD제외자순매수금액7","미분류"
"F17971_08","BIGINT(20)","시장투자자별SPREAD제외자순매수금액8","기관계"
"F17971_09","BIGINT(20)","시장투자자별SPREAD제외자순매수금액9","기타법인"
"F17971_10","BIGINT(20)","시장투자자별SPREAD제외자순매수금액10","개인"
"F17971_11","BIGINT(20)","시장투자자별SPREAD제외자순매수금액11","외국인"
"F17971_12","BIGINT(20)","시장투자자별SPREAD제외자순매수금액12","종합계"
"F17971_13","BIGINT(20)","시장투자자별SPREAD제외자순매수금액13","사모펀드"
"F17971_14","BIGINT(20)","시장투자자별SPREAD제외자순매수금액14","외인-등록"
"F17971_15","BIGINT(20)","시장투자자별SPREAD제외자순매수금액15","외인-기타"
"F17971_16","BIGINT(20)","시장투자자별SPREAD제외자순매수금액16","기타합계"
"F17971_17","BIGINT(20)","시장투자자별SPREAD제외자순매수금액17","미사용"
"F17971_18","BIGINT(20)","시장투자자별SPREAD제외자순매수금액18","미사용"
"F17971_19","BIGINT(20)","시장투자자별SPREAD제외자순매수금액19","미사용"
"F17971_20","BIGINT(20)","시장투자자별SPREAD제외자순매수금액20","미사용"
"F18001","INT(11)","전일ETF순자산총액(원)",""
"F18004","NUMERIC(1)","매매거래중단여부_RP시장종목",""
"F18005","CHAR(4)","매매거래중단사유_RP시장종목",""
"F18009","MEDIUMINT(9)","채권발행정보파일Seq",""
"F18026","NUMERIC(1)","원금이자구분",""
"F18037","CHAR(10)","전일시가그룹",""
"F18038","INT(10)","전일잔존일",""
"F18061","INT","종목별입회일","(주의 *) 입회일 칼럼이 타 시장(F12506)과 다릅니다."
"F18063","CHAR(3)","종류코드_소액시장종목(전일)",""
"F18064","CHAR(2)","종류_RP시장종목(전일)",""
"F18065","NUMERIC(1)","영구채권구분(0:미해당,1:영구채)",""
"F18066","NUMERIC(1)","ELN표면금리확정구분(0:미확정,1:확정)",""
"F18070","SMALLINT(6)","주식통합시장조치","(00:정상/10:시초가산출/20:투자주의/21:투자경고/22:투자위험/ 30: 불성실공시/ 40: 투자유의 / 50: 관리지정 / 60: 거래정지 / 61:거래중단/70:정리매매/80:단기과열/89:공매도X/91:기타"
"F18081","CHAR(30)","신용그룹한글명",""
"F18090","CHAR(8)","직전이자지급일(직전이표일)",""
"F18091","CHAR(8)","직후이자지급일(직후이표일)",""
"F18102","NUMERIC(12,6)","원금보장율_ELS",""
"F18103","NUMERIC(10,6)","상승참여율_ELS",""
"F18104","VARCHAR(100)","기초자산_ELS",""
"F18107","VARCHAR(100)","조건1_ELS",""
"F18108","VARCHAR(100)","조건2_ELS",""
"F18109","NUMERIC(10,6)","최대수익율_ELS",""
"F18113","VARCHAR(50)","call사유",""
"F18114","VARCHAR(50)","put사유",""
"F18192","CHAR","국고채권지표종목KSC코드",""
"F18204","CHAR(4)","신용등급(한기평)",""
"F18205","CHAR(8)","신용평가일(한기평)",""
"F18206","CHAR(4)","신용등급(한신평)",""
"F18207","CHAR(8)","신용평가일(한신평)",""
"F18208","CHAR(4)","신용등급(한신정)",""
"F18209","CHAR(8)","신용평가일(한신정)",""
"F18210","CHAR(4)","신용등급(서신평)",""
"F18211","CHAR(8)","신용평가일(서신평)",""
"F18225","CHAR(7)","시가평가그룹코드",""
"F18367","NUMERIC(1)","스트립구분(1:일반채권,2:원금분리,3:이자분리)",""
"F18368","CHAR(12)","대상원본채권(원금분리채권만해당)",""
"F18369","NUMERIC(21,3)","스트립미분리잔액(원본국고채권만해당)",""
"F18403","NUMERIC(1)","이표락종목구분_채권(0:정상1:이표락)",""
"F18404","CHAR(1)","물가연동채권구분(Y/N)",""
"F18405","NUMERIC(10,5)","발행시참조물가지수",""
"F18415","MEDIUMINT(9)","유동비율",""
"F18417","BIGINT(20)","유동주식수",""
"F18447","BIGINT(20)","ETF순자산총액(외화)",""
"F18448","BIGINT(20)","ETF유통순자산총액",""
"F18449","BIGINT(20)","ETF유통순자산총액(외화)",""
"F18453","DECIMAL(12,2)","ETP배율",""
"F19136","INT(11)","전일대비(전일기준가기준)",""
"F19269","DECIMAL(12,3)","전일수익률대비(전일기준)",""
"F19296	","NUMERIC(19)","공매도잔고 ",""
"F19297	","NUMERIC(19)","공매도잔고금액 ",""
"F19298	","NUMERIC(10)","공매도잔고비중 ",""
"F20004_01","INT","체결Intra생성시간",""
"F20004_02","INT","체결Intra생성시간",""
"F20005_01","DECIMAL(12,2)","Intra시가",""
"F20005_02","INT","Intra시가",""
"F20006_01","DECIMAL(12,2)","Intra고가",""
"F20006_02","INT","Intra고가",""
"F20007_01","DECIMAL(12,2)","Intra저가",""
"F20007_02","INT","Intra저가",""
"F20008_01","DECIMAL(12,2)","Intra종가",""
"F20008_02","INT","Intra종가",""
"F20009_01","INT","Intra체결량",""
"F20009_02","INT","Intra체결량",""
"F20010_01","INT","Intra거래량",""
"F20010_02","INT","Intra거래량",""
"F20011_01","INT","Intra거래대금",""
"F20011_02","INT","Intra거래대금",""
"F20012_01","INT","Intra누적거래량",""
"F20012_02","INT","Intra누적거래량",""
"F20013_01","INT","Intra누적거래대금",""
"F20013_02","INT","Intra누적거래대금",""
"F20019_01","DECIMAL(12,2)","Intra대비",""
"F20019_02","INT","Intra대비",""
"F20022_01","INT","Intra미결제약정수량",""
"F20022_02","INT","Intra미결제약정수량",""
"F20023_01","INT","Intra미결제약정수량전일대비",""
"F20023_02","INT","Intra미결제약정수량전일대비",""
"F20033_01","INT","Intra매도량",""
"F20033_02","INT","Intra매도량",""
"F20034_01","INT","Intra매수량",""
"F20034_02","INT","Intra매수량",""
"F20037_01","INT","Intra매도량",""
"F20037_02","INT","Intra매도량",""
"F20039_01","INT","Intra매수량",""
"F20039_02","INT","Intra매수량",""
"F20041_01","DECIMAL(12,2)","Intra등락률",""
"F20041_02","DECIMAL(12,2)","Intra등락률",""
"F20044_01","INT","Intra생성일자",""
"F20044_02","INT","체결Intra체결일자",""
"F20045_01","INT","Intra체결대금",""
"F20045_02","INT","Intra체결대금",""
"F20046_01","INT","Intra등락구분",""
"F20046_02","INT","Intra등락구분",""
"F20092_01","INT","Intra현지일자",""
"F20093_01","INT","Intra현지시간",""
"F20105_01","INT","Intra매도호가1",""
"F20105_02","INT","Intra매도호가1",""
"F20125_01","INT","Intra매수호가1",""
"F20125_02","INT","Intra매수호가1",""
"F20831_02","DECIMAL(12,2)","Intra장중지표가치(iNAV/iIV)대비",""
"F20832_02","DECIMAL(12,2)","Intra장중지표가치(iNAV/iIV)등락율",""
"F20833_02","DECIMAL(12,2)","IntraETP괴리율",""
"F20835_02","DECIMAL(12,2)","Intra장중지표가치(iNAV/iIV)시가",""
"F20836_02","DECIMAL(12,2)","Intra장중지표가치(iNAV/iIV)고가",""
"F20837_02","DECIMAL(12,2)","Intra장중지표가치(iNAV/iIV)저가",""
"F20838_02","DECIMAL(12,2)","Intra장중지표가치(iNAV/iIV)종가",""
"F21401","NUMERIC(10)","프로그램매매생성시각",""
"F21424","NUMERIC(19)","프로그램매매순매수거래량",""
"F21427","NUMERIC(19)","프로그램매매순매수거래금액",""
"F21442","NUMERIC(19)","프로그램매매누계매도거래량",""
"F21443","NUMERIC(19)","프로그램매매누계매수거래량",""
"F21444","NUMERIC(19)","프로그램매매누계순매수거래량",""
"F21445","NUMERIC(19)","프로그램매매누계매도거래금액",""
"F21446","NUMERIC(19)","프로그램매매누계매수거래금액",""
"F21447","NUMERIC(19)","프로그램매매누계순매수거래금액",""
"F21448","NUMERIC(19)","프로그램매매차익누계매도거래량",""
"F21449","NUMERIC(19)","프로그램매매차익누계매수거래량",""
"F21450","NUMERIC(19)","프로그램매매차익누계순매수거래량",""
"F21451","NUMERIC(19)","프로그램매매차익누계매도거래금액",""
"F21452","NUMERIC(19)","프로그램매매차익누계매수거래금액",""
"F21453","NUMERIC(19)","프로그램매매차익누계순매수거래금액",""
"F21454","NUMERIC(19)","프로그램매매비차익누계매도거래량",""
"F21455","NUMERIC(19)","프로그램매매비차익누계매수거래량",""
"F21456","NUMERIC(19)","프로그램매매비차익누계순매수거래량",""
"F21457","NUMERIC(19)","프로그램매매비차익누계매도거래금액",""
"F21458","NUMERIC(19)","프로그램매매비차익누계매수거래금액",""
"F21459","NUMERIC(19)","프로그램매매비차익누계순매수거래금액",""
"F21501","NUMERIC(10)","인트라종목별프로그램매매생성시각",""
"F21524","NUMERIC(19)","인트라종목별프로그램매매순매수거래량",""
"F21527","NUMERIC(19)","인트라종목별프로그램매매순매수거래금액",""
"F21542","NUMERIC(19)","인트라종목별프로그램매매누계매도거래량",""
"F21543","NUMERIC(19)","인트라종목별프로그램매매누계매수거래량",""
"F21544","NUMERIC(19)","인트라종목별프로그램매매누계순매수거래량",""
"F21545","NUMERIC(19)","인트라종목별프로그램매매누계매도거래금액",""
"F21546","NUMERIC(19)","인트라종목별프로그램매매누계매수거래금액",""
"F21547","NUMERIC(19)","인트라종목별프로그램매매누계순매수거래금액",""
"F21548","NUMERIC(19)","인트라종목별프로그램매매차익누계매도거래량",""
"F21549","NUMERIC(19)","인트라종목별프로그램매매차익누계매수거래량",""
"F21550","NUMERIC(19)","인트라종목별프로그램매매차익누계순매수거래량",""
"F21551","NUMERIC(19)","인트라종목별프로그램매매차익누계매도거래금액",""
"F21552","NUMERIC(19)","인트라종목별프로그램매매차익누계매수거래금액",""
"F21553","NUMERIC(19)","인트라종목별프로그램매매차익누계순매수거래금액",""
"F21554","NUMERIC(19)","인트라종목별프로그램매매비차익누계매도거래량",""
"F21555","NUMERIC(19)","인트라종목별프로그램매매비차익누계매수거래량",""
"F21556","NUMERIC(19)","인트라종목별프로그램매매비차익누계순매수거래량",""
"F21557","NUMERIC(19)","인트라종목별프로그램매매비차익누계매도거래금액",""
"F21558","NUMERIC(19)","인트라종목별프로그램매매비차익누계매수거래금액",""
"F21559","NUMERIC(19)","인트라종목별프로그램매매비차익누계순매수거래금액",""
"F23049_01","INT(11)","Intra시장투자자별콜_풋누적순매수수량1","금융투자"
"F23049_02","INT(11)","Intra시장투자자별콜_풋누적순매수수량2","보험"
"F23049_03","INT(11)","Intra시장투자자별콜_풋누적순매수수량3","투신"
"F23049_04","INT(11)","Intra시장투자자별콜_풋누적순매수수량4","은행"
"F23049_05","INT(11)","Intra시장투자자별콜_풋누적순매수수량5","기타금융"
"F23049_06","INT(11)","Intra시장투자자별콜_풋누적순매수수량6","연금"
"F23049_07","INT(11)","Intra시장투자자별콜_풋누적순매수수량7","미분류"
"F23049_08","INT(11)","Intra시장투자자별콜_풋누적순매수수량8","기관계"
"F23049_09","INT(11)","Intra시장투자자별콜_풋누적순매수수량9","기타법인"
"F23049_10","INT(11)","Intra시장투자자별콜_풋누적순매수수량10","개인"
"F23049_11","INT(11)","Intra시장투자자별콜_풋누적순매수수량11","외국인"
"F23049_12","INT(11)","Intra시장투자자별콜_풋누적순매수수량12","종합계"
"F23049_13","INT(11)","Intra시장투자자별콜_풋누적순매수수량13","사모펀드"
"F23049_14","INT(11)","Intra시장투자자별콜_풋누적순매수수량14","외인-등록"
"F23049_15","INT(11)","Intra시장투자자별콜_풋누적순매수수량15","외인-기타"
"F23049_16","INT(11)","Intra시장투자자별콜_풋누적순매수수량16","기타합계"
"F23049_17","INT(11)","Intra시장투자자별콜_풋누적순매수수량17","미사용"
"F23049_18","INT(11)","Intra시장투자자별콜_풋누적순매수수량18","미사용"
"F23049_19","INT(11)","Intra시장투자자별콜_풋누적순매수수량19","미사용"
"F23049_20","INT(11)","Intra시장투자자별콜_풋누적순매수수량20","미사용"
"F23056_01","BIGINT(20)","Intra시장투자자별콜_풋누적순매수금액1","금융투자"
"F23056_02","BIGINT(20)","Intra시장투자자별콜_풋누적순매수금액2","보험"
"F23056_03","BIGINT(20)","Intra시장투자자별콜_풋누적순매수금액3","투신"
"F23056_04","BIGINT(20)","Intra시장투자자별콜_풋누적순매수금액4","은행"
"F23056_05","BIGINT(20)","Intra시장투자자별콜_풋누적순매수금액5","기타금융"
"F23056_06","BIGINT(20)","Intra시장투자자별콜_풋누적순매수금액6","연금"
"F23056_07","BIGINT(20)","Intra시장투자자별콜_풋누적순매수금액7","미분류"
"F23056_08","BIGINT(20)","Intra시장투자자별콜_풋누적순매수금액8","기관계"
"F23056_09","BIGINT(20)","Intra시장투자자별콜_풋누적순매수금액9","기타법인"
"F23056_10","BIGINT(20)","Intra시장투자자별콜_풋누적순매수금액10","개인"
"F23056_11","BIGINT(20)","Intra시장투자자별콜_풋누적순매수금액11","외국인"
"F23056_12","BIGINT(20)","Intra시장투자자별콜_풋누적순매수금액12","종합계"
"F23056_13","BIGINT(20)","Intra시장투자자별콜_풋누적순매수금액13","사모펀드"
"F23056_14","BIGINT(20)","Intra시장투자자별콜_풋누적순매수금액14","외인-등록"
"F23056_15","BIGINT(20)","Intra시장투자자별콜_풋누적순매수금액15","외인-기타"
"F23056_16","BIGINT(20)","Intra시장투자자별콜_풋누적순매수금액16","기타합계"
"F23056_17","BIGINT(20)","Intra시장투자자별콜_풋누적순매수금액17","미사용"
"F23056_18","BIGINT(20)","Intra시장투자자별콜_풋누적순매수금액18","미사용"
"F23056_19","BIGINT(20)","Intra시장투자자별콜_풋누적순매수금액19","미사용"
"F23056_20","BIGINT(20)","Intra시장투자자별콜_풋누적순매수금액20","미사용"
"F23112_01","INT(11)","Intra시장투자자별콜누적순매수수량1","금융투자"
"F23112_02","INT(11)","Intra시장투자자별콜누적순매수수량2","보험"
"F23112_03","INT(11)","Intra시장투자자별콜누적순매수수량3","투신"
"F23112_04","INT(11)","Intra시장투자자별콜누적순매수수량4","은행"
"F23112_05","INT(11)","Intra시장투자자별콜누적순매수수량5","기타금융"
"F23112_06","INT(11)","Intra시장투자자별콜누적순매수수량6","연금"
"F23112_07","INT(11)","Intra시장투자자별콜누적순매수수량7","미분류"
"F23112_08","INT(11)","Intra시장투자자별콜누적순매수수량8","기관계"
"F23112_09","INT(11)","Intra시장투자자별콜누적순매수수량9","기타법인"
"F23112_10","INT(11)","Intra시장투자자별콜누적순매수수량10","개인"
"F23112_11","INT(11)","Intra시장투자자별콜누적순매수수량11","외국인"
"F23112_12","INT(11)","Intra시장투자자별콜누적순매수수량12","종합계"
"F23112_13","INT(11)","Intra시장투자자별콜누적순매수수량13","사모펀드"
"F23112_14","INT(11)","Intra시장투자자별콜누적순매수수량14","외인-등록"
"F23112_15","INT(11)","Intra시장투자자별콜누적순매수수량15","외인-기타"
"F23112_16","INT(11)","Intra시장투자자별콜누적순매수수량16","기타합계"
"F23112_17","INT(11)","Intra시장투자자별콜누적순매수수량17","미사용"
"F23112_18","INT(11)","Intra시장투자자별콜누적순매수수량18","미사용"
"F23112_19","INT(11)","Intra시장투자자별콜누적순매수수량19","미사용"
"F23112_20","INT(11)","Intra시장투자자별콜누적순매수수량20","미사용"
"F23119_01","BIGINT(20)","Intra시장투자자별콜누적순매수금액1","금융투자"
"F23119_02","BIGINT(20)","Intra시장투자자별콜누적순매수금액2","보험"
"F23119_03","BIGINT(20)","Intra시장투자자별콜누적순매수금액3","투신"
"F23119_04","BIGINT(20)","Intra시장투자자별콜누적순매수금액4","은행"
"F23119_05","BIGINT(20)","Intra시장투자자별콜누적순매수금액5","기타금융"
"F23119_06","BIGINT(20)","Intra시장투자자별콜누적순매수금액6","연금"
"F23119_07","BIGINT(20)","Intra시장투자자별콜누적순매수금액7","미분류"
"F23119_08","BIGINT(20)","Intra시장투자자별콜누적순매수금액8","기관계"
"F23119_09","BIGINT(20)","Intra시장투자자별콜누적순매수금액9","기타법인"
"F23119_10","BIGINT(20)","Intra시장투자자별콜누적순매수금액10","개인"
"F23119_11","BIGINT(20)","Intra시장투자자별콜누적순매수금액11","외국인"
"F23119_12","BIGINT(20)","Intra시장투자자별콜누적순매수금액12","종합계"
"F23119_13","BIGINT(20)","Intra시장투자자별콜누적순매수금액13","사모펀드"
"F23119_14","BIGINT(20)","Intra시장투자자별콜누적순매수금액14","외인-등록"
"F23119_15","BIGINT(20)","Intra시장투자자별콜누적순매수금액15","외인-기타"
"F23119_16","BIGINT(20)","Intra시장투자자별콜누적순매수금액16","기타합계"
"F23119_17","BIGINT(20)","Intra시장투자자별콜누적순매수금액17","미사용"
"F23119_18","BIGINT(20)","Intra시장투자자별콜누적순매수금액18","미사용"
"F23119_19","BIGINT(20)","Intra시장투자자별콜누적순매수금액19","미사용"
"F23119_20","BIGINT(20)","Intra시장투자자별콜누적순매수금액20","미사용"
"F23175_01","INT(11)","Intra시장투자자별풋누적순매수수량1","금융투자"
"F23175_02","INT(11)","Intra시장투자자별풋누적순매수수량2","보험"
"F23175_03","INT(11)","Intra시장투자자별풋누적순매수수량3","투신"
"F23175_04","INT(11)","Intra시장투자자별풋누적순매수수량4","은행"
"F23175_05","INT(11)","Intra시장투자자별풋누적순매수수량5","기타금융"
"F23175_06","INT(11)","Intra시장투자자별풋누적순매수수량6","연금"
"F23175_07","INT(11)","Intra시장투자자별풋누적순매수수량7","미분류"
"F23175_08","INT(11)","Intra시장투자자별풋누적순매수수량8","기관계"
"F23175_09","INT(11)","Intra시장투자자별풋누적순매수수량9","기타법인"
"F23175_10","INT(11)","Intra시장투자자별풋누적순매수수량10","개인"
"F23175_11","INT(11)","Intra시장투자자별풋누적순매수수량11","외국인"
"F23175_12","INT(11)","Intra시장투자자별풋누적순매수수량12","종합계"
"F23175_13","INT(11)","Intra시장투자자별풋누적순매수수량13","사모펀드"
"F23175_14","INT(11)","Intra시장투자자별풋누적순매수수량14","외인-등록"
"F23175_15","INT(11)","Intra시장투자자별풋누적순매수수량15","외인-기타"
"F23175_16","INT(11)","Intra시장투자자별풋누적순매수수량16","기타합계"
"F23175_17","INT(11)","Intra시장투자자별풋누적순매수수량17","미사용"
"F23175_18","INT(11)","Intra시장투자자별풋누적순매수수량18","미사용"
"F23175_19","INT(11)","Intra시장투자자별풋누적순매수수량19","미사용"
"F23175_20","INT(11)","Intra시장투자자별풋누적순매수수량20","미사용"
"F23182_01","BIGINT(20)","Intra시장투자자별풋누적순매수금액1","금융투자"
"F23182_02","BIGINT(20)","Intra시장투자자별풋누적순매수금액2","보험"
"F23182_03","BIGINT(20)","Intra시장투자자별풋누적순매수금액3","투신"
"F23182_04","BIGINT(20)","Intra시장투자자별풋누적순매수금액4","은행"
"F23182_05","BIGINT(20)","Intra시장투자자별풋누적순매수금액5","기타금융"
"F23182_06","BIGINT(20)","Intra시장투자자별풋누적순매수금액6","연금"
"F23182_07","BIGINT(20)","Intra시장투자자별풋누적순매수금액7","미분류"
"F23182_08","BIGINT(20)","Intra시장투자자별풋누적순매수금액8","기관계"
"F23182_09","BIGINT(20)","Intra시장투자자별풋누적순매수금액9","기타법인"
"F23182_10","BIGINT(20)","Intra시장투자자별풋누적순매수금액10","개인"
"F23182_11","BIGINT(20)","Intra시장투자자별풋누적순매수금액11","외국인"
"F23182_12","BIGINT(20)","Intra시장투자자별풋누적순매수금액12","종합계"
"F23182_13","BIGINT(20)","Intra시장투자자별풋누적순매수금액13","사모펀드"
"F23182_14","BIGINT(20)","Intra시장투자자별풋누적순매수금액14","외인-등록"
"F23182_15","BIGINT(20)","Intra시장투자자별풋누적순매수금액15","외인-기타"
"F23182_16","BIGINT(20)","Intra시장투자자별풋누적순매수금액16","기타합계"
"F23182_17","BIGINT(20)","Intra시장투자자별풋누적순매수금액17","미사용"
"F23182_18","BIGINT(20)","Intra시장투자자별풋누적순매수금액18","미사용"
"F23182_19","BIGINT(20)","Intra시장투자자별풋누적순매수금액19","미사용"
"F23182_20","BIGINT(20)","Intra시장투자자별풋누적순매수금액20","미사용"
"F23232","INT(11)","Intra종목투자자별시간",""
"F23234_01","INT(11)","Intra종목투자자별누적매도수량1","금융투자"
"F23234_02","INT(11)","Intra종목투자자별누적매도수량2","보험"
"F23234_03","INT(11)","Intra종목투자자별누적매도수량3","투신"
"F23234_04","INT(11)","Intra종목투자자별누적매도수량4","은행"
"F23234_05","INT(11)","Intra종목투자자별누적매도수량5","기타금융"
"F23234_06","INT(11)","Intra종목투자자별누적매도수량6","연금"
"F23234_07","INT(11)","Intra종목투자자별누적매도수량7","미분류"
"F23234_08","INT(11)","Intra종목투자자별누적매도수량8","기관계"
"F23234_09","INT(11)","Intra종목투자자별누적매도수량9","기타법인"
"F23234_10","INT(11)","Intra종목투자자별누적매도수량10","개인"
"F23234_11","INT(11)","Intra종목투자자별누적매도수량11","외국인"
"F23234_12","INT(11)","Intra종목투자자별누적매도수량12","종합계"
"F23234_13","INT(11)","Intra종목투자자별누적매도수량13","사모펀드"
"F23234_14","INT(11)","Intra종목투자자별누적매도수량14","외인-등록"
"F23234_15","INT(11)","Intra종목투자자별누적매도수량15","외인-기타"
"F23234_16","INT(11)","Intra종목투자자별누적매도수량16","기타합계"
"F23234_17","INT(11)","Intra종목투자자별누적매도수량17","미사용"
"F23234_18","INT(11)","Intra종목투자자별누적매도수량18","미사용"
"F23234_19","INT(11)","Intra종목투자자별누적매도수량19","미사용"
"F23234_20","INT(11)","Intra종목투자자별누적매도수량20","미사용"
"F23236_01","INT(11)","Intra종목투자자별누적매수수량1","금융투자"
"F23236_02","INT(11)","Intra종목투자자별누적매수수량2","보험"
"F23236_03","INT(11)","Intra종목투자자별누적매수수량3","투신"
"F23236_04","INT(11)","Intra종목투자자별누적매수수량4","은행"
"F23236_05","INT(11)","Intra종목투자자별누적매수수량5","기타금융"
"F23236_06","INT(11)","Intra종목투자자별누적매수수량6","연금"
"F23236_07","INT(11)","Intra종목투자자별누적매수수량7","미분류"
"F23236_08","INT(11)","Intra종목투자자별누적매수수량8","기관계"
"F23236_09","INT(11)","Intra종목투자자별누적매수수량9","기타법인"
"F23236_10","INT(11)","Intra종목투자자별누적매수수량10","개인"
"F23236_11","INT(11)","Intra종목투자자별누적매수수량11","외국인"
"F23236_12","INT(11)","Intra종목투자자별누적매수수량12","종합계"
"F23236_13","INT(11)","Intra종목투자자별누적매수수량13","사모펀드"
"F23236_14","INT(11)","Intra종목투자자별누적매수수량14","외인-등록"
"F23236_15","INT(11)","Intra종목투자자별누적매수수량15","외인-기타"
"F23236_16","INT(11)","Intra종목투자자별누적매수수량16","기타합계"
"F23236_17","INT(11)","Intra종목투자자별누적매수수량17","미사용"
"F23236_18","INT(11)","Intra종목투자자별누적매수수량18","미사용"
"F23236_19","INT(11)","Intra종목투자자별누적매수수량19","미사용"
"F23236_20","INT(11)","Intra종목투자자별누적매수수량20","미사용"
"F23238_01","INT(11)","Intra종목투자자별누적순매수수량1","금융투자"
"F23238_02","INT(11)","Intra종목투자자별누적순매수수량2","보험"
"F23238_03","INT(11)","Intra종목투자자별누적순매수수량3","투신"
"F23238_04","INT(11)","Intra종목투자자별누적순매수수량4","은행"
"F23238_05","INT(11)","Intra종목투자자별누적순매수수량5","기타금융"
"F23238_06","INT(11)","Intra종목투자자별누적순매수수량6","연금"
"F23238_07","INT(11)","Intra종목투자자별누적순매수수량7","미분류"
"F23238_08","INT(11)","Intra종목투자자별누적순매수수량8","기관계"
"F23238_09","INT(11)","Intra종목투자자별누적순매수수량9","기타법인"
"F23238_10","INT(11)","Intra종목투자자별누적순매수수량10","개인"
"F23238_11","INT(11)","Intra종목투자자별누적순매수수량11","외국인"
"F23238_12","INT(11)","Intra종목투자자별누적순매수수량12","종합계"
"F23238_13","INT(11)","Intra종목투자자별누적순매수수량13","사모펀드"
"F23238_14","INT(11)","Intra종목투자자별누적순매수수량14","외인-등록"
"F23238_15","INT(11)","Intra종목투자자별누적순매수수량15","외인-기타"
"F23238_16","INT(11)","Intra종목투자자별누적순매수수량16","기타합계"
"F23238_17","INT(11)","Intra종목투자자별누적순매수수량17","미사용"
"F23238_18","INT(11)","Intra종목투자자별누적순매수수량18","미사용"
"F23238_19","INT(11)","Intra종목투자자별누적순매수수량19","미사용"
"F23238_20","INT(11)","Intra종목투자자별누적순매수수량20","미사용"
"F23239_01","INT(11)","Intra종목투자자별누적매도금액1","금융투자"
"F23239_02","INT(11)","Intra종목투자자별누적매도금액2","보험"
"F23239_03","INT(11)","Intra종목투자자별누적매도금액3","투신"
"F23239_04","INT(11)","Intra종목투자자별누적매도금액4","은행"
"F23239_05","INT(11)","Intra종목투자자별누적매도금액5","기타금융"
"F23239_06","INT(11)","Intra종목투자자별누적매도금액6","연금"
"F23239_07","INT(11)","Intra종목투자자별누적매도금액7","미분류"
"F23239_08","INT(11)","Intra종목투자자별누적매도금액8","기관계"
"F23239_09","INT(11)","Intra종목투자자별누적매도금액9","기타법인"
"F23239_10","INT(11)","Intra종목투자자별누적매도금액10","개인"
"F23239_11","INT(11)","Intra종목투자자별누적매도금액11","외국인"
"F23239_12","INT(11)","Intra종목투자자별누적매도금액12","종합계"
"F23239_13","INT(11)","Intra종목투자자별누적매도금액13","사모펀드"
"F23239_14","INT(11)","Intra종목투자자별누적매도금액14","외인-등록"
"F23239_15","INT(11)","Intra종목투자자별누적매도금액15","외인-기타"
"F23239_16","INT(11)","Intra종목투자자별누적매도금액16","기타합계"
"F23239_17","INT(11)","Intra종목투자자별누적매도금액17","미사용"
"F23239_18","INT(11)","Intra종목투자자별누적매도금액18","미사용"
"F23239_19","INT(11)","Intra종목투자자별누적매도금액19","미사용"
"F23239_20","INT(11)","Intra종목투자자별누적매도금액20","미사용"
"F23241_01","INT(11)","Intra종목투자자별누적매수금액1","금융투자"
"F23241_02","INT(11)","Intra종목투자자별누적매수금액2","보험"
"F23241_03","INT(11)","Intra종목투자자별누적매수금액3","투신"
"F23241_04","INT(11)","Intra종목투자자별누적매수금액4","은행"
"F23241_05","INT(11)","Intra종목투자자별누적매수금액5","기타금융"
"F23241_06","INT(11)","Intra종목투자자별누적매수금액6","연금"
"F23241_07","INT(11)","Intra종목투자자별누적매수금액7","미분류"
"F23241_08","INT(11)","Intra종목투자자별누적매수금액8","기관계"
"F23241_09","INT(11)","Intra종목투자자별누적매수금액9","기타법인"
"F23241_10","INT(11)","Intra종목투자자별누적매수금액10","개인"
"F23241_11","INT(11)","Intra종목투자자별누적매수금액11","외국인"
"F23241_12","INT(11)","Intra종목투자자별누적매수금액12","종합계"
"F23241_13","INT(11)","Intra종목투자자별누적매수금액13","사모펀드"
"F23241_14","INT(11)","Intra종목투자자별누적매수금액14","외인-등록"
"F23241_15","INT(11)","Intra종목투자자별누적매수금액15","외인-기타"
"F23241_16","INT(11)","Intra종목투자자별누적매수금액16","기타합계"
"F23241_17","INT(11)","Intra종목투자자별누적매수금액17","미사용"
"F23241_18","INT(11)","Intra종목투자자별누적매수금액18","미사용"
"F23241_19","INT(11)","Intra종목투자자별누적매수금액19","미사용"
"F23241_20","INT(11)","Intra종목투자자별누적매수금액20","미사용"
"F23243_01","BIGINT(20)","Intra종목투자자별누적순매수금액1","금융투자"
"F23243_02","BIGINT(20)","Intra종목투자자별누적순매수금액2","보험"
"F23243_03","BIGINT(20)","Intra종목투자자별누적순매수금액3","투신"
"F23243_04","BIGINT(20)","Intra종목투자자별누적순매수금액4","은행"
"F23243_05","BIGINT(20)","Intra종목투자자별누적순매수금액5","기타금융"
"F23243_06","BIGINT(20)","Intra종목투자자별누적순매수금액6","연금"
"F23243_07","BIGINT(20)","Intra종목투자자별누적순매수금액7","미분류"
"F23243_08","BIGINT(20)","Intra종목투자자별누적순매수금액8","기관계"
"F23243_09","BIGINT(20)","Intra종목투자자별누적순매수금액9","기타법인"
"F23243_10","BIGINT(20)","Intra종목투자자별누적순매수금액10","개인"
"F23243_11","BIGINT(20)","Intra종목투자자별누적순매수금액11","외국인"
"F23243_12","BIGINT(20)","Intra종목투자자별누적순매수금액12","종합계"
"F23243_13","BIGINT(20)","Intra종목투자자별누적순매수금액13","사모펀드"
"F23243_14","BIGINT(20)","Intra종목투자자별누적순매수금액14","외인-등록"
"F23243_15","BIGINT(20)","Intra종목투자자별누적순매수금액15","외인-기타"
"F23243_16","BIGINT(20)","Intra종목투자자별누적순매수금액16","기타합계"
"F23243_17","BIGINT(20)","Intra종목투자자별누적순매수금액17","미사용"
"F23243_18","BIGINT(20)","Intra종목투자자별누적순매수금액18","미사용"
"F23243_19","BIGINT(20)","Intra종목투자자별누적순매수금액19","미사용"
"F23243_20","BIGINT(20)","Intra종목투자자별누적순매수금액20","미사용"
"F23244","INT(11)","Intra시장투자자별콜시간",""
"F23272","INT(11)","Intra시장투자자별Spread합산시간",""
"F30162","INT(10)","전체프로그램매매시간",""
"F30510","DECIMAL(12,2)","체결tick매수호가(예상포함)",""
"F30511","DECIMAL(12,2)","체결tick매도호가(예상포함)",""
"F30518","CHAR(12)","론기관명(증권전산)_콜체결",""
"F30519","CHAR(12)","머니기관명(증권전산)_콜체결",""
"F30531","INT","체결/예상체결시간","장마감:31000000/시간외마감:41000000"
"F30543","INT","예상체결대금",""
"F30544","INT","현재/예상체결대금",""
"F30545","INT","예상거래대금",""
"F30546","INT","현재/예상거래대금",""
"F30564","DECIMAL(12,3)","수익률(전일종가+현재가)",""
"F30574","DECIMAL(6,3)","가중평균수익율대비",""
"F30600	","NUMERIC(19)","장전시간외종가거래량 ",""
"F30601	","NUMERIC(19)","장전시간외대량거래량 ",""
"F30612","INT(10)","기본/예상/장전시간외체결시간","(장마감:31000000/시간외마감:41000000/장전:51000000/장중:61000000/장후:71000000/시간외단일가마감:81"
"F30613","INT(10)","기본/예상/장전시간외현재가",""
"F30614","SMALLINT(6)","기본/예상/장전시간외/시간외단일가/등락구분","(1:상한/2:상승/3:보합/4:하한/5:하락/6:기세상한/7:기세상승/8:기세하한/9:기세하락/69:예"
"F30615","INT(11)","기본/예상/장전시간외/시간외단일가대비",""
"F30616","DECIMAL(12,2)","기본/예상/장전시간외/시간외단일가등락율",""
"F30617","BIGINT(20)","기본/예상/장전시간외/시간외단일가거래량",""
"F30618","INT(11)","기본/예상/장전시간외/시간외단일가체결량",""
"F30696	","NUMERIC(19)","장중대량거래량 ",""
"F30697	","NUMERIC(20)","장중바스켓거래량 ",""
"F30700","INT","현재가(실제가)",""
"F30701","INT","대비(실제가)",""
"F30702","DECIMAL(12,2)","등락율(실제가)",""
"F30703","INT","등락구분(실제가)","1:상한/2:상승/3:보합/4:하한/5:하락/6:기세상한/7:기세상승/8:기세하한/9:기세하락"
"F30704","INT","시가(실제가)",""
"F30705","INT","고가(실제가)",""
"F30706","INT","저가(실제가)",""
"F30712","INT(11)","시간외단일가_현재가",""
"F30712	","NUMERIC(10)","시간외단일가현재가 ",""
"F30713","INT(11)","시간외단일가_대비",""
"F30715","DECIMAL(12,2)","시간외단일가_등락율",""
"F30718	","NUMERIC(19)","시간외단일가거래량 ",""
"F30720","SMALLINT(6)","시간외단일가_등락구분","(1:상한/2:상승/3:보합/4:하한/5:하락/6:기세상한/7:기세상승/8:기세하한/9:기세하락)"
"F30768","DECIMAL(12,2)","체결tick현재가",""
"F30769","DECIMAL(12,3)","체결tick수익율",""
"F30811","CHAR(10)","코리보텍스트수익률",""
"F30812","INT","유동시가총액",""
"F30819","DECIMAL(12,2)","해외ETP매매기준율",""
"F30823","DECIMAL(12,2)","ETP기초지수기준대비등락율",""
"F30824","DECIMAL(12,2)","해외ETP장전매매기준율(예탁원기준가환율)",""
"F30826","SMALLINT(6)","MSGBOND매매참고사항","(1:선네고,2:교체,3:당일)"
"F30828","BIGINT(20)","대표체결량",""
"F30829","DECIMAL(12,3)","대표수익율",""
"F30845","DECIMAL(12,3)","대표수익율3사대비",""
"F30969	","NUMERIC(19)","장전시간외대량바스켓거래량 ",""
"F30970	","NUMERIC(19)","장중대량바스켓거래량 ",""
"F30971	","NUMERIC(19)","시간외대량바스켓거래량 ",""
"F30972	","NUMERIC(19)","대량매매바스켓포함거래량 ",""
"F31531","INT(11)","1년전종가(today에서켈린더베이스로-1년)",""
"F31532","INT(11)","전일종가_시간외단일가",""
"F31624","DECIMAL(12,4)","PER",""
"F31702","DECIMAL(12,2)","전일최종NAV/IIV(외화)",""
"F31809","BIGINT(20)","전일공매도거래수량",""
"F31810","BIGINT(20)","전일공매도거래대금",""
"F31811","DECIMAL(12,2)","전일공매도거래수량비중",""
"F31812","DECIMAL(12,2)","전일공매도거래대금비중",""
"F31813","NUMERIC(18)","전일대차잔고량",""
"F31958","INT","배당일",""
"F32025","DECIMAL(12,2)","중간호가전일대비",""
"F32026","DECIMAL(12,2)","중간호가전일대비등락율",""
"F32054","INT","LP매도호가잔량1",""
"F32055","INT","LP매도호가잔량2",""
"F32056","INT","LP매도호가잔량3",""
"F32057","INT","LP매도호가잔량4",""
"F32058","INT","LP매도호가잔량5",""
"F32059","INT","LP매도호가잔량6",""
"F32060","INT","LP매도호가잔량7",""
"F32061","INT","LP매도호가잔량8",""
"F32062","INT","LP매도호가잔량9",""
"F32063","INT","LP매도호가잔량10",""
"F32074","INT","LP매수호가잔량1",""
"F32075","INT","LP매수호가잔량2",""
"F32076","INT","LP매수호가잔량3",""
"F32077","INT","LP매수호가잔량4",""
"F32078","INT","LP매수호가잔량5",""
"F32079","INT","LP매수호가잔량6",""
"F32080","INT","LP매수호가잔량7",""
"F32081","INT","LP매수호가잔량8",""
"F32082","INT","LP매수호가잔량9",""
"F32083","INT","LP매수호가잔량10",""
"F32134","INT","LP매도호가잔량합",""
"F32136","INT","LP매수호가잔량합",""
"F32450","DECIMAL(12,4","중간호가",""
"F32453","DECIMAL(12,4)","중간호가전일대비",""
"F32460","DECIMAL(12,4","시중간호가",""
"F32461","DECIMAL(12,4","고중간호가",""
"F32462","DECIMAL(12,4","저중간호가",""
"F32493","DECIMAL(12,2)","매도호가전일대비",""
"F33019","INT(11)","년기준가",""
"F33076	","NUMERIC(19)","장전바스켓제외대량매매거래량 ",""
"F33094","BIGINT(20)","공매도거래수량",""
"F33094	","NUMERIC(19)","공매도거래수량 ",""
"F33095","BIGINT(20)","공매도거래대금",""
"F33095	","NUMERIC(19)","공매도거래대금 ",""
"F33096","DECIMAL(12,2)","공매도거래수량비중",""
"F33097","DECIMAL(12,2)","공매도거래대금비중",""
"F33208","DECIMAL(12,3)","수익율시가평가3사평균스프레드","수익률 - 시가평가3사 수익률"
"F33209","DECIMAL(12,3)","수익율시가평가4사평균스프레드","수익률 - 시가평가4사 수익률"
"F33259","INT(11)","수신일련번호",""
"F33261","CHAR(2)","통합결제일구분",""
"F33291	","NUMERIC(10)","공매도단순평균단가 ",""
"F33301","DECIMAL(12,2)","동적상한가",""
"F33302","DECIMAL(12,2)","동적하한가",""
"F33310","DECIMAL(6,2)","LP보유수량비중(ETN)",""
"F33320","DECIMAL(12,3)","통합수익률(시가3/장외FB_종합/장내국채)",""
"F33321","DECIMAL(12,3)","통합수익률","(시가3/장외FB_체결/장외15/장내국채)"
"F33356","DECIMAL(12,3)","수익률(최종거래일기준",""
"F33361	","NUMERIC(20)","협의대량거래량합산 ",""
"F33362	","NUMERIC(20)","정규장협의대량 ",""
"F33363	","NUMERIC(20)","장개시전시간외협의대량 ",""
"F33364	","NUMERIC(20)","장종료후시간외협의대량 ",""
"F33365	","NUMERIC(20)","장개시전_대량+협의대량 ",""
"F33366	","NUMERIC(20)","장중_대량+협의대량 ",""
"F33367	","NUMERIC(20)","장종료후시간외_대량+협의대량 ",""
"F33368	","NUMERIC(20)","대량_협의대량_합산(장전+장중+장후)   ",""
"F33369	","NUMERIC(20)","시간외_대량_협의대량_합산(장전+장후) ",""
"F33370	","NUMERIC(20)","바스켓합산(장전+장중+장후)      ",""
"F33371	","NUMERIC(20)","장개시전시간외합산(종가+대량+협의+바스켓+경쟁대량)     ",""
"F33372	","NUMERIC(20)","정규장(일반+대량+협의+바스켓+경쟁대량)                 ",""
"F33373	","NUMERIC(20)","장종료후시간외합산(종가+단일가+대량+협의+바스켓)거래량 ",""
"F33376","DECIMAL(12,3)","수익률",""
"F33377","DECIMAL(12,3)","3사수익률대비",""
"F33378","DECIMAL(12,3)","4사수익률대비",""
"F33383","SMALLINT(6)","체결수익률산출방법","(1:수익률(입),2:가격(산))"
"F33460	","NUMERIC(19)","장전장중합산경쟁대량매매거래량 ",""
"F33462	","NUMERIC(19)","장전경쟁대량매매거래량 ",""
"F33463	","NUMERIC(19)","장중경쟁대량매매거래량 ",""
"F33741","NUMERIC(2)","이표채짜투리구분",""
"F33742","NUMERIC(2)","코스콤이자원미만처리구분",""
"F33745","CHAR(24)","신용그룹영문명",""
"F33747","NUMERIC(1)","주식관련사채권공매도제한(1:대상,0:비대상)",""
"F33764","NUMERIC(1)","이자일할계산기준(거래소)",""
"F33765","NUMERIC(1)","은행휴무일이자지급방법구분",""
"F33767","NUMERIC(1)","은행휴무일지급방법(원금)",""
"F33768","NUMERIC(1)","은행휴무일원금지급방법구분",""
"F33792","CHAR(1)","기업인수목적회사여부(N:일반,Y:해당)",""
"F33867","NUMERIC(2)","입력구분코드","(0:정상,1:수입력)"
"F33899","DECIMAL(12,4)","배당수익률",""
"F33900","NUMERIC(1)","SF여부(한기평)",""
"F33901","NUMERIC(1)","SF여부(한신평)",""
"F33902","NUMERIC(1)","SF여부(한신정)",""
"F33903","NUMERIC(1)","SF여부(서신평)",""
"F33922","CHAR","PREBON국가코드",""
"F33923","CHAR","PREBON만기코드",""
"F33925","NUMERIC(2)","이자지급유형_채권종목",""
"F33929","CHAR(1)","ETP_iNAV산출방식","(0:PDF,1:지수수익율)"
"F33951","CHAR(1)","ETP기초지수소속시장구분코드",""
"F33952","CHAR(3)","ETP기초지수업종코드",""
"F33961","CHAR(32)","ETP운용사명(한글명)",""
"F34239","MEDIUMINT(9)","ETP기초지수MID",""
"F34240","CHAR(1)","ETP계산유형(H:환헷지,F:환노출,A:지수환노출,T:복합배율,K:복합배율2)",""
"F34339","NUMERIC(5)","잔존만기구분","3 : 3개월, ..., 360 : 30년"
"F34351","CHAR(8)","최근변경일",""
"F34501","CHAR(2)","증권그룹ID",""
"F34502","CHAR(6)","표준산업코드",""
"F34523","NUMERIC(10)","전일대주신규량",""
"F34524","NUMERIC(18)","전일대주신규금액",""
"F34525","NUMERIC(10)","전일대주상환량",""
"F34526","NUMERIC(18)","대주상환금액",""
"F34527","NUMERIC(9,2)","전일대주공여율",""
"F34528","NUMERIC(9,2)","전일대주잔고율",""
"F34529","NUMERIC(10)","전일융자신규량",""
"F34530","NUMERIC(18)","전일융자신규금액",""
"F34531","NUMERIC(10)","전일융자상환량",""
"F34532","NUMERIC(18)","전일융자상환금액",""
"F34533","NUMERIC(9,2)","전일융자공여율",""
"F34534","NUMERIC(9,2)","전일융자잔고율",""
"F34536","CHAR","국가코드",""
"F34537","CHAR(15)","종류주권구분코드",""
"F34581","VARCHAR(80)","KRX한글종목명",""
"F34582","VARCHAR(40)","KRX한글종목약명",""
"F34583","VARCHAR(80)","KRX영문종목명",""
"F34584","VARCHAR(40)","KRX영문종목약명",""
"F34585","NUMERIC(6)","거래소채권종류코드",""
"F34586","CHAR(2)","채권유형",""
"F34587","NUMERIC(3)","특수채코드",""
"F34588","NUMERIC(1)","지방채구분",""
"F34589","NUMERIC(1)","특이채권유형",""
"F34590","CHAR(2)","이자지급방법코드",""
"F34591","NUMERIC(1)","리스크채권상환유형코드",""
"F34592","CHAR(8)","최초이자지급일",""
"F34593","NUMERIC(1)","채권이자지급일기준구분코드",""
"F34594","NUMERIC(1)","이자월말구분코드",""
"F34595","NUMERIC(4)","이자지급단위월수",""
"F34596","NUMERIC(1)","일괄금액확정여부",""
"F34597","NUMERIC(21,3)","시설자금",""
"F34598","NUMERIC(21,3)","운영자금",""
"F34599","NUMERIC(21,3)","차환자금",""
"F34600","NUMERIC(21,3)","기타자금",""
"F34601","NUMERIC(4)","채권주관회사코드",""
"F34602","NUMERIC(4)","수탁기관코드",""
"F34603","NUMERIC(4)","등록기관코드",""
"F34604","NUMERIC(4)","원리금지급대행기관",""
"F34605","NUMERIC(4)","채권상장폐지사유코드",""
"F34606","CHAR(8)","상장폐지일자",""
"F34607","NUMERIC(4)","청구기관코드",""
"F34608","NUMERIC(1)","분할상환유형구분코드",""
"F34609","NUMERIC(4)","거치개월수",""
"F34610","NUMERIC(1)","상환기간이자구분코드",""
"F34611","VARCHAR(20)","이자율결정기준금리",""
"F34612","NUMERIC(1)","이자율결정시점",""
"F34613","CHAR(8)","이자율결정기준일",""
"F34614","VARCHAR(4000)","특이발행조건내용",""
"F34615","NUMERIC(1)","조건부자본증권유형구분코드",""
"F34616","CHAR(2)","기준금리코드",""
"F34617","NUMERIC(13,5)","KRX경과이자기준금리(이자)",""
"F34618","NUMERIC(13,5)","KRX경과이자기준금리(원금)",""
"F34619","NUMERIC(13,5)","낙찰금리",""
"F34620","NUMERIC(4)","신용평가기관1",""
"F34621","CHAR(4)","신용평가등급1",""
"F34622","NUMERIC(1)","신용평가등급1구분",""
"F34623","NUMERIC(4)","신용평가기관2",""
"F34624","CHAR(4)","신용평가등급2",""
"F34625","NUMERIC(1)","신용평가등급2구분",""
"F34626","NUMERIC(4)","신용평가기관3",""
"F34627","CHAR(4)","신용평가등급3",""
"F34628","NUMERIC(1)","신용평가등급3구분",""
"F34629","NUMERIC(4)","신용평가기관4",""
"F34630","CHAR(4)","신용평가등급4",""
"F34631","NUMERIC(1)","신용평가등급4구분",""
"F34634","NUMERIC(4)","채권종류",""
"F34635","NUMERIC(6)","잔존일수",""
"F34636","NUMERIC(4)","잔존구분코드",""
"F34637","NUMERIC(3)","만기종류",""
"F34638","NUMERIC(4)","만기구분",""
"F34640","CHAR(14)","금감원접수번호",""
"F34641","NUMERIC(4)","대표인수기관",""
"F34646","NUMERIC(8,5)","이자율",""
"F34647","NUMERIC(1)","가상현금일여부",""
"F34648","NUMERIC(30,28)","할인단위",""
"F34649","NUMERIC(4)","할인단위일수",""
"F34650","NUMERIC(4)","할인일수",""
"F34695","VARCHAR(60)","기타사항",""
"F34706","NUMERIC(1)","신용등급기관대체여부",""
"F34711","NUMERIC(3)","신용평가코드",""
"F34735","NUMERIC(1)","CPCD구분코드","(1:CD,2:CP)"
"F34763","DECIMAL(20,4)","ETP총보수율",""
"F34770","CHAR(2)","ETP지수시장대분류",""
"F34771","CHAR(2)","ETP지수시장중분류",""
"F34772","CHAR(2)","ETP지수시장소분류",""
"F34775","CHAR(2)","ETP레버리지인버스구분코드",""
"F34777","CHAR(60)","ETP기초자산명",""
"F34778","CHAR(2)","ETP지수자산대분류1",""
"F34779","CHAR(2)","ETP지수자산중분류1",""
"F34780","CHAR(2)","ETP지수자산소분류1",""
"F34781","CHAR(2)","ETP지수자산대분류2",""
"F34782","CHAR(2)","ETP지수자산중분류2",""
"F34783","CHAR(2)","ETP지수자산소분류2",""
"F34832","NUMERIC(1)","특이구간여부",""
"F34872","CHAR(1)","표준산업업종대분류코드",""
"F34873","CHAR(2)","표준산업업종중분류코드",""
"F34884","NUMERIC(4)","그룹사코드",""
"F34902","DECIMAL(12,4)","한화채권수익률",""
"F34904","NUMERIC(4)","시가평가기관수",""
"F34905","CHAR(9)","채권단축코드",""
"F34929","NUMERIC(19)","대차금일거래량",""
"F34930","NUMERIC(19)","대차금일상환거래량",""
"F34971","NUMERIC(3)","대표신용평가등급순위",""
"F34980","NUMERIC(1)","통안채구분코드",""
"F34981","CHAR(3)","표준산업업종소분류코드",""
"F34989","CHAR(1)","공매도과열지정여부(Y:지정,N:미지정)",""
"F34991","CHAR(200)","평정요지URL(한신평)",""
"F34992","CHAR(200)","평정요지URL(한신정)",""
"F34993","CHAR(200)","평정요지URL(한기평)",""
"F34994","CHAR(200)","평정요지URL(서신평)",""
"F34997","NUMERIC(10)","전액중도상환일",""
"F34998","NUMERIC(5)","예탁원중도상환여부",""
"F34999","NUMERIC(5)","휴무경과이자현금흐름제공여부",""
"F35021","CHAR(4)","대표신용등급",""
"F35022","CHAR(8)","대표신용등급날짜",""
"F35023","CHAR(4)","대표기관등급",""
"F35024","CHAR(8)","대표기관등급날짜",""
"F35122","CHAR(8)","분할상환일_분할상환채",""
"F35129","CHAR(1)","ELS발행구분(A:ELS,B:ELB,C:DLS,D:DLB)",""
"F35143","DECIMAL(12,2)","분배율",""
"F35144","INT(11)","최근분배일",""
"F35146","BIGINT(20)","1년분배금",""
"F35155","NUMERIC(3)","ESG채권구분(1:녹색,2:사회적,3:지속가능,4:지속가능연계)",""
"F35254","NUMERIC(2)","신종자본증권 여부(0:None, 1:신종자본증권, 2:조건부자본증권)",""
"F35255","NUMERIC(2)","이자조건변경 유형(0:None, 1:Flipper)",""
"F35256","NUMERIC(2)","특이발행 유형(0:None, 기타상세참조)",""
"F35257","VARCHAR(4000)","특이발행 상세정보",""
"F35258","NUMERIC(2)","Day Count[0:30/360(bond), 기타상세참조",""
"F35259","NUMERIC(2)","Business Day Count(0:No_Adjust, 기타상세참조)",""
"F35260","VARCHAR(40)","휴일처리여부",""
"F35261","NUMERIC(4)","지급지연일자",""
"F35262","CHAR(3)","이자지연방법",""
"F35263","NUMERIC(2)","Stub Rule",""
"F35264","NUMERIC(2)","수작업여부확인(0:수입력아님, 1:수입력)",""
"F35265","NUMERIC(6)","수작업입력시간(HHMMSS)",""
"F35266","NUMERIC(2)","P-CBO 여부(0:None, 1:P-CBO)",""
"F40544","INT","LP최우선매도호가",""
"F40545","INT","LP최우선매수호가",""
"F40551","DECIMAL","매도호가1등락율",""
"F40552","DECIMAL","매도호가2등락율",""
"F40553","DECIMAL","매도호가3등락율",""
"F40554","DECIMAL","매도호가4등락율",""
"F40555","DECIMAL","매도호가5등락율",""
"F40561","DECIMAL","매수호가1등락율",""
"F40562","DECIMAL","매수호가2등락율",""
"F40563","DECIMAL","매수호가3등락율",""
"F40564","DECIMAL","매수호가4등락율",""
"F40565","DECIMAL","매수호가5등락율",""
"FINACC_TYP","NUMERIC(2)","재무업종","0:전체,1:제조,2:은행,3:보험,"
"FINACC_TYPE","NUMERIC(2)","재무업종","(0:전체,1:제조,2:은행,3:보험,4:증권,6:신용금고,7:종합금융,8:>여신전문금융,9:기타금융)"
"FIX_DIV","NUMERIC(2)","고정변동구분(0:고정,1:변동)",""
"FIXED_YEAR","NUMERIC(2)","Reset년수(Reset Type 4의 경우 적용)",""
"FLOOR_RATE","VARCHAR(40)","Floor 금리",""
"FLOOR_RULE","VARCHAR(40)","Floor 적용방법",""
"FRN_SPEC","VARCHAR(4000)","FRN조건상세",""
"FRN_TYPE","NUMERIC(2)","FRN유형",""
"FS_TYP","CHAR(2)","재무제표종류","1:대차대조표,2:손익계산서,3:이익잉여금처분계산서,"
"FST_PUB_DT","NUMERIC(8)","실적치발표일",""
"FUNCCD","CHAR(1)","처리모드",""
"FYE_MN","NUMERIC(2)","결산월",""
"GRP_CD","VARCHAR(10)","그룹",""
"HOL_LOC","CHAR(3)","휴일적용지역",""
"IFRS_YN","NUMERIC(1)","IFRS여부","(1:도입,0:미도입)"
"IFRS_YYMM","NUMERIC(6)","IFRS도입년도",""
"IMPCD","CHAR(1)","중요기사구분",""
"INDCTR_NAME","VARCHAR(100)","지표 전체 이름",""
"INST_CD","CHAR(1)","제공처","(0:전체, 1:서울외국환중개, 2:한국자금중개, 3:KIDB자금중개)"
"INT_DIV","NUMERIC(2)","원금이자구분(1:원금,2:이자)",""
"IR_TEL","VARCHAR(20)","IR담당자번호",""
"ISIN_CODE","CHAR(12)","종목코드",""
"ITEM_CD","CHAR(6)","계정코드",""
"ITEM_NM_ENG","VARCHAR(200)","영문명",""
"ITEM_NM_KOR","VARCHAR(200)","한글명",""
"ITEM_TYP","CHAR(1)","코드타입","A:재무제표,B:잉여현금흐름,C:재무비율,D:Valuation Ratios,M:공통계정"
"IVTRST_BMF","INT","(투신)MMF",""
"IVTRST_BOND_COMPOUND","INT","(투신)채권혼합형",""
"IVTRST_LOND_BOND","INT","(투신)장기채권형",""
"IVTRST_SORTTERM_CSTRU_FRN","INT","(투신)단기채권형",""
"IVTRST_STOCK_COMPOUND","INT","(투신)주식혼합형",""
"IVTRST_STOCK_DEPOSIT","INT","(투신)주식형",""
"IVTRST_TRUST_DEPOSIT","INT","(투신)신탁형 저축",""
"JD_VAR","VARCHAR(50)","전년동기대비증감",""
"JD_VAR_R","VARCHAR(50)","전년동기대비증감율",""
"JK_VAR","VARCHAR(50)","전기대비증감",""
"JK_VAR_R","VARCHAR(50)","전기대비증감율",""
"JM_VAR","VARCHAR(50)","전년말대비증감",""
"JM_VAR_R","VARCHAR(50)","전년말대비증감률",""
"KORBRKNAME","CHAR(60)","한글회원사명",""
"KSC_CD","VARCHAR(10)","거래소업종",""
"LANGCD","CHAR(1)","언어코드",""
"LIST_DT","NUMERIC(8)","상장일",""
"LOOKBACK","NUMERIC(2)","Lookback(Days)",""
"MASTER_CHK","CHAR(1)","최근결산주재무제표","(P:개별/별도,C:연결)"
"MKT_TYPE","NUMERIC(1)","시장구분","(1:거래소,2:코스닥)"
"MTVCD","INT","뉴스원코드",""
"MV_AVG","VARCHAR(50)","이동평균(3기간)",""
"NCD","CHAR(6)","종목코드",""
"OB_RATE","NUMERIC(9,5)","관찰금리",""
"PAGENO","INT","본문 페이지수",""
"PAYMENT_DATE","NUMERIC(8)","이자지급일",""
"PERIOD_TYPE","NUMERIC(4)","만기구분",""
"PF_DT","NUMERIC(8)","잠정치발표일",""
"QTR_MASTER","CHAR(1)","최근분기주재무제표","(P:개별/별도,C:연결)"
"RATE","NUMERIC(9,5)","이자율",""
"RECE_CMA","INT","(종금)CMA",""
"RECE_NOTES_DISCOUNT","INT","(종금)자기발행어음",""
"RECE_NOTES_SALES","INT","(종금)매출어음",""
"REF_RATE_1","VARCHAR(20)","기초자산금리1",""
"REF_RATE_2","VARCHAR(20)","기초자산금리2",""
"REF_RATE_3","VARCHAR(20)","기초자산금리3",""
"REF_RATE_4","VARCHAR(20)","기초자산금리4",""
"REF_RATE_5","VARCHAR(20)","기초자산금리5",""
"RESET_DATE","NUMERIC(8)","이자결정일",""
"RESET_TYPE","NUMERIC(2)","Reset Type","(1:In-advanced, 2:In-arrear, 3:MBS배당, 4:기간설정In-advanced)"
"ROUNDING","NUMERIC(2)","Rounding",""
"ROUNDING_RULE","VARCHAR(40)","Rounding Rule",""
"SDATE","INT","시작일자",""
"SEASONAL_ADJUST","VARCHAR(100)","계절조정",""
"SEC_YN","NUMERIC(1)","섹터 아이템여부","0:미사용,1:사용"
"SEQ","INT","일련번호","내부사용"
"SIGA_GRPNM","CHAR","시가평가그룹명",""
"SITE","VARCHAR(500)","제공 사이트",""
"SKCD","CHAR(1)","속보구분",""
"SOURCE","VARCHAR(100)","출처",""
"SPREAD","NUMERIC(9,5)","스프레드",""
"SRCCD","CHAR(1)","원천소스코드",""
"START_DATE","NUMERIC(8)","이자계산시작일",""
"START_DT","NUMERIC(8)","시작일",""
"STOCK_COM_DEPOSIT_AMT","INT","(증권사)예탁금",""
"STOCK_COMRP","INT","(증권사)RP",""
"TEL","VARCHAR(20)","전화번호",""
"TERM_TYP","NUMERIC(2)","기간구분","1:누적,2:순액,3:개별/별도TTM,31:연결누적,32:연결순액,33:연결ITM"
"TIME","CHAR(6)","시간",""
"TITLE","VARCHAR(264)","제목",""
"TRADE_DATE","CHAR(8)","일자",""
"UNIT","VARCHAR(100)","단위",""
"UNIT_DISP","VARCHAR(100)","단위표시",""
"UNT_TYP","NUMERIC(3)","단위","2:천,6:%,8:배,12:천주,101:Text,102:구분,111:원/주,"
"up_code","INT","소속 업종 코드",""
"up_mid","INT","소속 업종 시장 ID","2: 거래소, 4:코스닥, 168: 기타지수"
"UPDATE_DT","DATETIME","마지막갱신날짜",""
"URL","VARCHAR(50)","홈페이지",""
"VAL","NUMERIC(28,5)","데이터",""
"WI26_CD","VARCHAR(10)","WI26 업종",""
"WICS","VARCHAR(10)","WICS업종",""
"YYYYMM","NUMERIC(6)","재무년월",""
"ZIP_CD","VARCHAR(10)","우편번호",""
